"task","repeat_id","fold_id","model","t_end","baseline_accuracy","sulfur_accuracy","paired_difference","k_use"
"NUC_vs_CONTROL",1,1,"RF",10,0.841874084919473,0.847730600292826,0.00585651537335286,10
"NUC_vs_CONTROL",1,1,"BinomialLasso",10,0.715959004392387,0.717423133235725,0.00146412884333813,10
"NUC_vs_CONTROL",1,1,"Mahalanobis",10,0.711566617862372,0.710102489019034,-0.00146412884333813,10
"NUC_vs_CONTROL",1,2,"RF",10,0.866764275256223,0.869692532942899,0.00292825768667637,10
"NUC_vs_CONTROL",1,2,"BinomialLasso",10,0.710102489019034,0.710102489019034,0,10
"NUC_vs_CONTROL",1,2,"Mahalanobis",10,0.701317715959004,0.704245973645681,0.00292825768667648,10
"NUC_vs_CONTROL",1,3,"RF",10,0.843108504398827,0.847507331378299,0.00439882697947214,10
"NUC_vs_CONTROL",1,3,"BinomialLasso",10,0.673020527859237,0.674486803519062,0.00146627565982405,10
"NUC_vs_CONTROL",1,3,"Mahalanobis",10,0.673020527859237,0.670087976539589,-0.00293255131964809,10
"NUC_vs_CONTROL",1,4,"RF",10,0.859030837004405,0.857562408223201,-0.00146842878120412,10
"NUC_vs_CONTROL",1,4,"BinomialLasso",10,0.704845814977974,0.698972099853157,-0.00587371512481649,10
"NUC_vs_CONTROL",1,4,"Mahalanobis",10,0.700440528634361,0.704845814977974,0.00440528634361237,10
"NUC_vs_CONTROL",1,5,"RF",10,0.838472834067548,0.832599118942731,-0.00587371512481638,10
"NUC_vs_CONTROL",1,5,"BinomialLasso",10,0.690161527165932,0.688693098384728,-0.00146842878120412,10
"NUC_vs_CONTROL",1,5,"Mahalanobis",10,0.684287812041116,0.681350954478708,-0.00293685756240825,10
"NUC_vs_CONTROL",2,1,"RF",10,0.850658857979502,0.850658857979502,0,10
"NUC_vs_CONTROL",2,1,"BinomialLasso",10,0.730600292825769,0.732064421669107,0.00146412884333824,10
"NUC_vs_CONTROL",2,1,"Mahalanobis",10,0.72913616398243,0.72913616398243,0,10
"NUC_vs_CONTROL",2,2,"RF",10,0.850658857979502,0.849194729136164,-0.00146412884333824,10
"NUC_vs_CONTROL",2,2,"BinomialLasso",10,0.682284040995608,0.674963396778917,-0.00732064421669099,10
"NUC_vs_CONTROL",2,2,"Mahalanobis",10,0.68081991215227,0.677891654465593,-0.00292825768667648,10
"NUC_vs_CONTROL",2,3,"RF",10,0.850439882697947,0.853372434017595,0.00293255131964809,10
"NUC_vs_CONTROL",2,3,"BinomialLasso",10,0.705278592375367,0.703812316715543,-0.00146627565982405,10
"NUC_vs_CONTROL",2,3,"Mahalanobis",10,0.693548387096774,0.690615835777126,-0.00293255131964809,10
"NUC_vs_CONTROL",2,4,"RF",10,0.841409691629956,0.845814977973568,0.00440528634361237,10
"NUC_vs_CONTROL",2,4,"BinomialLasso",10,0.676945668135095,0.6784140969163,0.00146842878120412,10
"NUC_vs_CONTROL",2,4,"Mahalanobis",10,0.666666666666667,0.665198237885463,-0.00146842878120412,10
"NUC_vs_CONTROL",2,5,"RF",10,0.850220264317181,0.854625550660793,0.00440528634361237,10
"NUC_vs_CONTROL",2,5,"BinomialLasso",10,0.701908957415565,0.701908957415565,0,10
"NUC_vs_CONTROL",2,5,"Mahalanobis",10,0.687224669603524,0.694566813509545,0.0073421439060205,10
"NUC_vs_CONTROL",3,1,"RF",10,0.865300146412884,0.862371888726208,-0.00292825768667637,10
"NUC_vs_CONTROL",3,1,"BinomialLasso",10,0.718887262079063,0.71303074670571,-0.00585651537335286,10
"NUC_vs_CONTROL",3,1,"Mahalanobis",10,0.718887262079063,0.71303074670571,-0.00585651537335286,10
"NUC_vs_CONTROL",3,2,"RF",10,0.850658857979502,0.846266471449488,-0.00439238653001472,10
"NUC_vs_CONTROL",3,2,"BinomialLasso",10,0.701317715959004,0.69692532942899,-0.00439238653001461,10
"NUC_vs_CONTROL",3,2,"Mahalanobis",10,0.693997071742313,0.695461200585652,0.00146412884333824,10
"NUC_vs_CONTROL",3,3,"RF",10,0.851906158357771,0.848973607038123,-0.00293255131964809,10
"NUC_vs_CONTROL",3,3,"BinomialLasso",10,0.690615835777126,0.690615835777126,0,10
"NUC_vs_CONTROL",3,3,"Mahalanobis",10,0.687683284457478,0.686217008797654,-0.00146627565982416,10
"NUC_vs_CONTROL",3,4,"RF",10,0.854625550660793,0.847283406754772,-0.0073421439060205,10
"NUC_vs_CONTROL",3,4,"BinomialLasso",10,0.713656387665198,0.713656387665198,0,10
"NUC_vs_CONTROL",3,4,"Mahalanobis",10,0.707782672540382,0.713656387665198,0.00587371512481649,10
"NUC_vs_CONTROL",3,5,"RF",10,0.848751835535977,0.839941262848752,-0.00881057268722474,10
"NUC_vs_CONTROL",3,5,"BinomialLasso",10,0.669603524229075,0.668135095447871,-0.00146842878120412,10
"NUC_vs_CONTROL",3,5,"Mahalanobis",10,0.663729809104258,0.675477239353891,0.0117474302496329,10
"NUC_vs_CONTROL",4,1,"RF",10,0.841874084919473,0.834553440702782,-0.0073206442166911,10
"NUC_vs_CONTROL",4,1,"BinomialLasso",10,0.664714494875549,0.667642752562225,0.00292825768667648,10
"NUC_vs_CONTROL",4,1,"Mahalanobis",10,0.65592972181552,0.653001464128843,-0.00292825768667648,10
"NUC_vs_CONTROL",4,2,"RF",10,0.866764275256223,0.874084919472914,0.0073206442166911,10
"NUC_vs_CONTROL",4,2,"BinomialLasso",10,0.714494875549048,0.717423133235725,0.00292825768667637,10
"NUC_vs_CONTROL",4,2,"Mahalanobis",10,0.695461200585652,0.695461200585652,0,10
"NUC_vs_CONTROL",4,3,"RF",10,0.843108504398827,0.848973607038123,0.00586510263929618,10
"NUC_vs_CONTROL",4,3,"BinomialLasso",10,0.687683284457478,0.687683284457478,0,10
"NUC_vs_CONTROL",4,3,"Mahalanobis",10,0.680351906158358,0.681818181818182,0.00146627565982405,10
"NUC_vs_CONTROL",4,4,"RF",10,0.847283406754772,0.84287812041116,-0.00440528634361237,10
"NUC_vs_CONTROL",4,4,"BinomialLasso",10,0.698972099853157,0.682819383259912,-0.0161527165932452,10
"NUC_vs_CONTROL",4,4,"Mahalanobis",10,0.681350954478708,0.687224669603524,0.00587371512481649,10
"NUC_vs_CONTROL",4,5,"RF",10,0.850220264317181,0.853157121879589,0.00293685756240825,10
"NUC_vs_CONTROL",4,5,"BinomialLasso",10,0.712187958883994,0.716593245227606,0.00440528634361237,10
"NUC_vs_CONTROL",4,5,"Mahalanobis",10,0.729809104258443,0.729809104258443,0,10
"NUC_vs_CONTROL",5,1,"RF",10,0.841874084919473,0.841874084919473,0,10
"NUC_vs_CONTROL",5,1,"BinomialLasso",10,0.68814055636896,0.686676427525622,-0.00146412884333813,10
"NUC_vs_CONTROL",5,1,"Mahalanobis",10,0.676427525622255,0.676427525622255,0,10
"NUC_vs_CONTROL",5,2,"RF",10,0.857979502196193,0.853587115666179,-0.00439238653001461,10
"NUC_vs_CONTROL",5,2,"BinomialLasso",10,0.708638360175695,0.708638360175695,0,10
"NUC_vs_CONTROL",5,2,"Mahalanobis",10,0.704245973645681,0.704245973645681,0,10
"NUC_vs_CONTROL",5,3,"RF",10,0.86950146627566,0.86217008797654,-0.00733137829912023,10
"NUC_vs_CONTROL",5,3,"BinomialLasso",10,0.703812316715543,0.703812316715543,0,10
"NUC_vs_CONTROL",5,3,"Mahalanobis",10,0.702346041055719,0.700879765395894,-0.00146627565982405,10
"NUC_vs_CONTROL",5,4,"RF",10,0.851688693098385,0.854625550660793,0.00293685756240825,10
"NUC_vs_CONTROL",5,4,"BinomialLasso",10,0.68575624082232,0.679882525697504,-0.00587371512481649,10
"NUC_vs_CONTROL",5,4,"Mahalanobis",10,0.691629955947137,0.700440528634361,0.00881057268722463,10
"NUC_vs_CONTROL",5,5,"RF",10,0.854625550660793,0.850220264317181,-0.00440528634361237,10
"NUC_vs_CONTROL",5,5,"BinomialLasso",10,0.700440528634361,0.696035242290749,-0.00440528634361237,10
"NUC_vs_CONTROL",5,5,"Mahalanobis",10,0.696035242290749,0.697503671071953,0.00146842878120412,10
"NUC_vs_CONTROL",6,1,"RF",10,0.841874084919473,0.841874084919473,0,10
"NUC_vs_CONTROL",6,1,"BinomialLasso",10,0.691068814055637,0.691068814055637,0,10
"NUC_vs_CONTROL",6,1,"Mahalanobis",10,0.676427525622255,0.682284040995608,0.00585651537335286,10
"NUC_vs_CONTROL",6,2,"RF",10,0.857979502196193,0.847730600292826,-0.0102489019033675,10
"NUC_vs_CONTROL",6,2,"BinomialLasso",10,0.711566617862372,0.702781844802343,-0.00878477306002923,10
"NUC_vs_CONTROL",6,2,"Mahalanobis",10,0.693997071742313,0.692532942898975,-0.00146412884333813,10
"NUC_vs_CONTROL",6,3,"RF",10,0.850439882697947,0.846041055718475,-0.00439882697947214,10
"NUC_vs_CONTROL",6,3,"BinomialLasso",10,0.702346041055719,0.702346041055719,0,10
"NUC_vs_CONTROL",6,3,"Mahalanobis",10,0.696480938416422,0.696480938416422,0,10
"NUC_vs_CONTROL",6,4,"RF",10,0.859030837004405,0.859030837004405,0,10
"NUC_vs_CONTROL",6,4,"BinomialLasso",10,0.698972099853157,0.698972099853157,0,10
"NUC_vs_CONTROL",6,4,"Mahalanobis",10,0.709251101321586,0.706314243759178,-0.00293685756240814,10
"NUC_vs_CONTROL",6,5,"RF",10,0.832599118942731,0.832599118942731,0,10
"NUC_vs_CONTROL",6,5,"BinomialLasso",10,0.684287812041116,0.684287812041116,0,10
"NUC_vs_CONTROL",6,5,"Mahalanobis",10,0.687224669603524,0.684287812041116,-0.00293685756240825,10
"NUC_vs_CONTROL",7,1,"RF",10,0.846266471449488,0.844802342606149,-0.00146412884333813,10
"NUC_vs_CONTROL",7,1,"BinomialLasso",10,0.715959004392387,0.711566617862372,-0.00439238653001472,10
"NUC_vs_CONTROL",7,1,"Mahalanobis",10,0.710102489019034,0.714494875549048,0.00439238653001461,10
"NUC_vs_CONTROL",7,2,"RF",10,0.847730600292826,0.846266471449488,-0.00146412884333824,10
"NUC_vs_CONTROL",7,2,"BinomialLasso",10,0.683748169838946,0.686676427525622,0.00292825768667648,10
"NUC_vs_CONTROL",7,2,"Mahalanobis",10,0.677891654465593,0.676427525622255,-0.00146412884333824,10
"NUC_vs_CONTROL",7,3,"RF",10,0.850439882697947,0.846041055718475,-0.00439882697947214,10
"NUC_vs_CONTROL",7,3,"BinomialLasso",10,0.706744868035191,0.706744868035191,0,10
"NUC_vs_CONTROL",7,3,"Mahalanobis",10,0.687683284457478,0.687683284457478,0,10
"NUC_vs_CONTROL",7,4,"RF",10,0.856093979441997,0.853157121879589,-0.00293685756240825,10
"NUC_vs_CONTROL",7,4,"BinomialLasso",10,0.70337738619677,0.706314243759178,0.00293685756240825,10
"NUC_vs_CONTROL",7,4,"Mahalanobis",10,0.71071953010279,0.709251101321586,-0.00146842878120412,10
"NUC_vs_CONTROL",7,5,"RF",10,0.844346549192364,0.837004405286344,-0.00734214390602062,10
"NUC_vs_CONTROL",7,5,"BinomialLasso",10,0.68575624082232,0.679882525697504,-0.00587371512481649,10
"NUC_vs_CONTROL",7,5,"Mahalanobis",10,0.681350954478708,0.675477239353891,-0.00587371512481638,10
"NUC_vs_CONTROL",8,1,"RF",10,0.849194729136164,0.847730600292826,-0.00146412884333824,10
"NUC_vs_CONTROL",8,1,"BinomialLasso",10,0.718887262079063,0.720351390922401,0.00146412884333824,10
"NUC_vs_CONTROL",8,1,"Mahalanobis",10,0.726207906295754,0.727672035139092,0.00146412884333824,10
"NUC_vs_CONTROL",8,2,"RF",10,0.853587115666179,0.850658857979502,-0.00292825768667637,10
"NUC_vs_CONTROL",8,2,"BinomialLasso",10,0.676427525622255,0.676427525622255,0,10
"NUC_vs_CONTROL",8,2,"Mahalanobis",10,0.654465592972182,0.65592972181552,0.00146412884333824,10
"NUC_vs_CONTROL",8,3,"RF",10,0.856304985337243,0.860703812316716,0.00439882697947214,10
"NUC_vs_CONTROL",8,3,"BinomialLasso",10,0.683284457478006,0.681818181818182,-0.00146627565982405,10
"NUC_vs_CONTROL",8,3,"Mahalanobis",10,0.674486803519062,0.678885630498534,0.00439882697947214,10
"NUC_vs_CONTROL",8,4,"RF",10,0.864904552129222,0.866372980910426,0.00146842878120412,10
"NUC_vs_CONTROL",8,4,"BinomialLasso",10,0.712187958883994,0.707782672540382,-0.00440528634361237,10
"NUC_vs_CONTROL",8,4,"Mahalanobis",10,0.71071953010279,0.71071953010279,0,10
"NUC_vs_CONTROL",8,5,"RF",10,0.84287812041116,0.845814977973568,0.00293685756240825,10
"NUC_vs_CONTROL",8,5,"BinomialLasso",10,0.688693098384728,0.68575624082232,-0.00293685756240825,10
"NUC_vs_CONTROL",8,5,"Mahalanobis",10,0.679882525697504,0.684287812041116,0.00440528634361237,10
"NUC_vs_CONTROL",9,1,"RF",10,0.846266471449488,0.840409956076135,-0.00585651537335286,10
"NUC_vs_CONTROL",9,1,"BinomialLasso",10,0.71303074670571,0.71303074670571,0,10
"NUC_vs_CONTROL",9,1,"Mahalanobis",10,0.698389458272328,0.695461200585652,-0.00292825768667648,10
"NUC_vs_CONTROL",9,2,"RF",10,0.871156661786237,0.872620790629575,0.00146412884333824,10
"NUC_vs_CONTROL",9,2,"BinomialLasso",10,0.714494875549048,0.714494875549048,0,10
"NUC_vs_CONTROL",9,2,"Mahalanobis",10,0.708638360175695,0.705710102489019,-0.00292825768667648,10
"NUC_vs_CONTROL",9,3,"RF",10,0.848973607038123,0.844574780058651,-0.00439882697947214,10
"NUC_vs_CONTROL",9,3,"BinomialLasso",10,0.706744868035191,0.708211143695015,0.00146627565982405,10
"NUC_vs_CONTROL",9,3,"Mahalanobis",10,0.705278592375367,0.700879765395894,-0.00439882697947214,10
"NUC_vs_CONTROL",9,4,"RF",10,0.844346549192364,0.845814977973568,0.00146842878120412,10
"NUC_vs_CONTROL",9,4,"BinomialLasso",10,0.666666666666667,0.666666666666667,0,10
"NUC_vs_CONTROL",9,4,"Mahalanobis",10,0.662261380323054,0.66079295154185,-0.00146842878120412,10
"NUC_vs_CONTROL",9,5,"RF",10,0.845814977973568,0.850220264317181,0.00440528634361226,10
"NUC_vs_CONTROL",9,5,"BinomialLasso",10,0.682819383259912,0.684287812041116,0.00146842878120412,10
"NUC_vs_CONTROL",9,5,"Mahalanobis",10,0.687224669603524,0.694566813509545,0.0073421439060205,10
"NUC_vs_CONTROL",10,1,"RF",10,0.868228404099561,0.86090775988287,-0.0073206442166911,10
"NUC_vs_CONTROL",10,1,"BinomialLasso",10,0.708638360175695,0.707174231332357,-0.00146412884333824,10
"NUC_vs_CONTROL",10,1,"Mahalanobis",10,0.710102489019034,0.714494875549048,0.00439238653001461,10
"NUC_vs_CONTROL",10,2,"RF",10,0.86090775988287,0.86090775988287,0,10
"NUC_vs_CONTROL",10,2,"BinomialLasso",10,0.704245973645681,0.701317715959004,-0.00292825768667648,10
"NUC_vs_CONTROL",10,2,"Mahalanobis",10,0.689604685212299,0.686676427525622,-0.00292825768667637,10
"NUC_vs_CONTROL",10,3,"RF",10,0.838709677419355,0.837243401759531,-0.00146627565982405,10
"NUC_vs_CONTROL",10,3,"BinomialLasso",10,0.683284457478006,0.686217008797654,0.00293255131964809,10
"NUC_vs_CONTROL",10,3,"Mahalanobis",10,0.670087976539589,0.668621700879765,-0.00146627565982405,10
"NUC_vs_CONTROL",10,4,"RF",10,0.854625550660793,0.856093979441997,0.00146842878120412,10
"NUC_vs_CONTROL",10,4,"BinomialLasso",10,0.687224669603524,0.679882525697504,-0.00734214390602062,10
"NUC_vs_CONTROL",10,4,"Mahalanobis",10,0.698972099853157,0.694566813509545,-0.00440528634361237,10
"NUC_vs_CONTROL",10,5,"RF",10,0.844346549192364,0.847283406754772,0.00293685756240825,10
"NUC_vs_CONTROL",10,5,"BinomialLasso",10,0.674008810572687,0.674008810572687,0,10
"NUC_vs_CONTROL",10,5,"Mahalanobis",10,0.68575624082232,0.68575624082232,0,10
"NUC_vs_CONTROL",11,1,"RF",10,0.833089311859444,0.840409956076135,0.00732064421669099,10
"NUC_vs_CONTROL",11,1,"BinomialLasso",10,0.670571010248902,0.669106881405564,-0.00146412884333813,10
"NUC_vs_CONTROL",11,1,"Mahalanobis",10,0.677891654465593,0.679355783308931,0.00146412884333824,10
"NUC_vs_CONTROL",11,2,"RF",10,0.850658857979502,0.85212298682284,0.00146412884333813,10
"NUC_vs_CONTROL",11,2,"BinomialLasso",10,0.68814055636896,0.686676427525622,-0.00146412884333813,10
"NUC_vs_CONTROL",11,2,"Mahalanobis",10,0.683748169838946,0.682284040995608,-0.00146412884333824,10
"NUC_vs_CONTROL",11,3,"RF",10,0.838709677419355,0.848973607038123,0.0102639296187683,10
"NUC_vs_CONTROL",11,3,"BinomialLasso",10,0.708211143695015,0.708211143695015,0,10
"NUC_vs_CONTROL",11,3,"Mahalanobis",10,0.709677419354839,0.708211143695015,-0.00146627565982405,10
"NUC_vs_CONTROL",11,4,"RF",10,0.848751835535977,0.853157121879589,0.00440528634361226,11
"NUC_vs_CONTROL",11,4,"BinomialLasso",10,0.700440528634361,0.698972099853157,-0.00146842878120412,11
"NUC_vs_CONTROL",11,4,"Mahalanobis",10,0.690161527165932,0.687224669603524,-0.00293685756240825,11
"NUC_vs_CONTROL",11,5,"RF",10,0.873715124816446,0.87518355359765,0.00146842878120412,10
"NUC_vs_CONTROL",11,5,"BinomialLasso",10,0.713656387665198,0.712187958883994,-0.00146842878120412,10
"NUC_vs_CONTROL",11,5,"Mahalanobis",10,0.719530102790015,0.722466960352423,0.00293685756240814,10
"NUC_vs_CONTROL",12,1,"RF",10,0.846266471449488,0.846266471449488,0,10
"NUC_vs_CONTROL",12,1,"BinomialLasso",10,0.679355783308931,0.682284040995608,0.00292825768667637,10
"NUC_vs_CONTROL",12,1,"Mahalanobis",10,0.68081991215227,0.679355783308931,-0.00146412884333824,10
"NUC_vs_CONTROL",12,2,"RF",10,0.837481698389458,0.843338213762811,0.00585651537335286,10
"NUC_vs_CONTROL",12,2,"BinomialLasso",10,0.701317715959004,0.699853587115666,-0.00146412884333824,10
"NUC_vs_CONTROL",12,2,"Mahalanobis",10,0.698389458272328,0.701317715959004,0.00292825768667637,10
"NUC_vs_CONTROL",12,3,"RF",10,0.847507331378299,0.846041055718475,-0.00146627565982405,10
"NUC_vs_CONTROL",12,3,"BinomialLasso",10,0.686217008797654,0.683284457478006,-0.00293255131964809,10
"NUC_vs_CONTROL",12,3,"Mahalanobis",10,0.689149560117302,0.689149560117302,0,10
"NUC_vs_CONTROL",12,4,"RF",10,0.86784140969163,0.859030837004405,-0.00881057268722463,10
"NUC_vs_CONTROL",12,4,"BinomialLasso",10,0.696035242290749,0.690161527165932,-0.00587371512481638,10
"NUC_vs_CONTROL",12,4,"Mahalanobis",10,0.681350954478708,0.676945668135095,-0.00440528634361226,10
"NUC_vs_CONTROL",12,5,"RF",10,0.864904552129222,0.861967694566814,-0.00293685756240814,10
"NUC_vs_CONTROL",12,5,"BinomialLasso",10,0.719530102790015,0.719530102790015,0,10
"NUC_vs_CONTROL",12,5,"Mahalanobis",10,0.706314243759178,0.707782672540382,0.00146842878120401,10
"NUC_vs_CONTROL",13,1,"RF",10,0.868228404099561,0.865300146412884,-0.00292825768667648,10
"NUC_vs_CONTROL",13,1,"BinomialLasso",10,0.69692532942899,0.693997071742313,-0.00292825768667648,10
"NUC_vs_CONTROL",13,1,"Mahalanobis",10,0.693997071742313,0.692532942898975,-0.00146412884333813,10
"NUC_vs_CONTROL",13,2,"RF",10,0.847730600292826,0.838945827232797,-0.00878477306002923,10
"NUC_vs_CONTROL",13,2,"BinomialLasso",10,0.685212298682284,0.686676427525622,0.00146412884333824,10
"NUC_vs_CONTROL",13,2,"Mahalanobis",10,0.679355783308931,0.677891654465593,-0.00146412884333824,10
"NUC_vs_CONTROL",13,3,"RF",10,0.848973607038123,0.847507331378299,-0.00146627565982405,10
"NUC_vs_CONTROL",13,3,"BinomialLasso",10,0.696480938416422,0.686217008797654,-0.0102639296187684,10
"NUC_vs_CONTROL",13,3,"Mahalanobis",10,0.689149560117302,0.686217008797654,-0.0029325513196482,10
"NUC_vs_CONTROL",13,4,"RF",10,0.838472834067548,0.837004405286344,-0.00146842878120412,10
"NUC_vs_CONTROL",13,4,"BinomialLasso",10,0.694566813509545,0.694566813509545,0,10
"NUC_vs_CONTROL",13,4,"Mahalanobis",10,0.682819383259912,0.681350954478708,-0.00146842878120412,10
"NUC_vs_CONTROL",13,5,"RF",10,0.870778267254038,0.86784140969163,-0.00293685756240825,10
"NUC_vs_CONTROL",13,5,"BinomialLasso",10,0.726872246696035,0.720998531571219,-0.00587371512481638,10
"NUC_vs_CONTROL",13,5,"Mahalanobis",10,0.718061674008811,0.716593245227606,-0.00146842878120412,10
"NUC_vs_CONTROL",14,1,"RF",10,0.844802342606149,0.843338213762811,-0.00146412884333824,10
"NUC_vs_CONTROL",14,1,"BinomialLasso",10,0.698389458272328,0.69692532942899,-0.00146412884333824,10
"NUC_vs_CONTROL",14,1,"Mahalanobis",10,0.677891654465593,0.679355783308931,0.00146412884333824,10
"NUC_vs_CONTROL",14,2,"RF",10,0.86090775988287,0.862371888726208,0.00146412884333824,10
"NUC_vs_CONTROL",14,2,"BinomialLasso",10,0.698389458272328,0.698389458272328,0,10
"NUC_vs_CONTROL",14,2,"Mahalanobis",10,0.708638360175695,0.71303074670571,0.00439238653001461,10
"NUC_vs_CONTROL",14,3,"RF",10,0.846041055718475,0.841642228739003,-0.00439882697947214,10
"NUC_vs_CONTROL",14,3,"BinomialLasso",10,0.690615835777126,0.69208211143695,0.00146627565982405,10
"NUC_vs_CONTROL",14,3,"Mahalanobis",10,0.696480938416422,0.696480938416422,0,10
"NUC_vs_CONTROL",14,4,"RF",10,0.860499265785609,0.860499265785609,0,10
"NUC_vs_CONTROL",14,4,"BinomialLasso",10,0.707782672540382,0.709251101321586,0.00146842878120412,10
"NUC_vs_CONTROL",14,4,"Mahalanobis",10,0.693098384728341,0.693098384728341,0,10
"NUC_vs_CONTROL",14,5,"RF",10,0.838472834067548,0.84287812041116,0.00440528634361237,10
"NUC_vs_CONTROL",14,5,"BinomialLasso",10,0.682819383259912,0.671071953010279,-0.0117474302496329,10
"NUC_vs_CONTROL",14,5,"Mahalanobis",10,0.674008810572687,0.669603524229075,-0.00440528634361237,10
"NUC_vs_CONTROL",15,1,"RF",10,0.866764275256223,0.862371888726208,-0.00439238653001461,10
"NUC_vs_CONTROL",15,1,"BinomialLasso",10,0.693997071742313,0.693997071742313,0,10
"NUC_vs_CONTROL",15,1,"Mahalanobis",10,0.69692532942899,0.695461200585652,-0.00146412884333824,10
"NUC_vs_CONTROL",15,2,"RF",10,0.871156661786237,0.871156661786237,0,10
"NUC_vs_CONTROL",15,2,"BinomialLasso",10,0.723279648609078,0.720351390922401,-0.00292825768667637,10
"NUC_vs_CONTROL",15,2,"Mahalanobis",10,0.708638360175695,0.710102489019034,0.00146412884333824,10
"NUC_vs_CONTROL",15,3,"RF",10,0.86217008797654,0.859237536656892,-0.00293255131964809,10
"NUC_vs_CONTROL",15,3,"BinomialLasso",10,0.705278592375367,0.705278592375367,0,10
"NUC_vs_CONTROL",15,3,"Mahalanobis",10,0.69941348973607,0.703812316715543,0.00439882697947214,10
"NUC_vs_CONTROL",15,4,"RF",10,0.829662261380323,0.829662261380323,0,10
"NUC_vs_CONTROL",15,4,"BinomialLasso",10,0.672540381791483,0.671071953010279,-0.00146842878120412,10
"NUC_vs_CONTROL",15,4,"Mahalanobis",10,0.666666666666667,0.665198237885463,-0.00146842878120412,10
"NUC_vs_CONTROL",15,5,"RF",10,0.844346549192364,0.838472834067548,-0.00587371512481649,10
"NUC_vs_CONTROL",15,5,"BinomialLasso",10,0.693098384728341,0.693098384728341,0,10
"NUC_vs_CONTROL",15,5,"Mahalanobis",10,0.684287812041116,0.682819383259912,-0.00146842878120412,10
"NUC_vs_CONTROL",16,1,"RF",10,0.844802342606149,0.853587115666179,0.00878477306002923,10
"NUC_vs_CONTROL",16,1,"BinomialLasso",10,0.698389458272328,0.68814055636896,-0.0102489019033676,10
"NUC_vs_CONTROL",16,1,"Mahalanobis",10,0.693997071742313,0.691068814055637,-0.00292825768667637,10
"NUC_vs_CONTROL",16,2,"RF",10,0.859443631039531,0.862371888726208,0.00292825768667648,10
"NUC_vs_CONTROL",16,2,"BinomialLasso",10,0.711566617862372,0.708638360175695,-0.00292825768667637,10
"NUC_vs_CONTROL",16,2,"Mahalanobis",10,0.68814055636896,0.695461200585652,0.0073206442166911,10
"NUC_vs_CONTROL",16,3,"RF",10,0.847507331378299,0.844574780058651,-0.00293255131964809,10
"NUC_vs_CONTROL",16,3,"BinomialLasso",10,0.697947214076246,0.697947214076246,0,10
"NUC_vs_CONTROL",16,3,"Mahalanobis",10,0.695014662756598,0.697947214076246,0.00293255131964809,10
"NUC_vs_CONTROL",16,4,"RF",10,0.878120411160059,0.873715124816446,-0.00440528634361237,10
"NUC_vs_CONTROL",16,4,"BinomialLasso",10,0.706314243759178,0.701908957415565,-0.00440528634361237,10
"NUC_vs_CONTROL",16,4,"Mahalanobis",10,0.71071953010279,0.704845814977974,-0.00587371512481638,10
"NUC_vs_CONTROL",16,5,"RF",10,0.816446402349486,0.813509544787078,-0.00293685756240825,10
"NUC_vs_CONTROL",16,5,"BinomialLasso",10,0.669603524229075,0.668135095447871,-0.00146842878120412,10
"NUC_vs_CONTROL",16,5,"Mahalanobis",10,0.66079295154185,0.659324522760646,-0.00146842878120412,10
"NUC_vs_CONTROL",17,1,"RF",10,0.830161054172767,0.828696925329429,-0.00146412884333824,10
"NUC_vs_CONTROL",17,1,"BinomialLasso",10,0.673499267935578,0.670571010248902,-0.00292825768667648,10
"NUC_vs_CONTROL",17,1,"Mahalanobis",10,0.661786237188873,0.658857979502196,-0.00292825768667648,10
"NUC_vs_CONTROL",17,2,"RF",10,0.869692532942899,0.868228404099561,-0.00146412884333813,10
"NUC_vs_CONTROL",17,2,"BinomialLasso",10,0.693997071742313,0.685212298682284,-0.00878477306002923,10
"NUC_vs_CONTROL",17,2,"Mahalanobis",10,0.69692532942899,0.692532942898975,-0.00439238653001461,10
"NUC_vs_CONTROL",17,3,"RF",10,0.860703812316716,0.856304985337243,-0.00439882697947214,10
"NUC_vs_CONTROL",17,3,"BinomialLasso",10,0.724340175953079,0.721407624633431,-0.00293255131964809,10
"NUC_vs_CONTROL",17,3,"Mahalanobis",10,0.687683284457478,0.689149560117302,0.00146627565982405,10
"NUC_vs_CONTROL",17,4,"RF",10,0.869309838472834,0.866372980910426,-0.00293685756240825,10
"NUC_vs_CONTROL",17,4,"BinomialLasso",10,0.722466960352423,0.719530102790015,-0.00293685756240814,10
"NUC_vs_CONTROL",17,4,"Mahalanobis",10,0.719530102790015,0.716593245227606,-0.00293685756240825,10
"NUC_vs_CONTROL",17,5,"RF",10,0.839941262848752,0.838472834067548,-0.00146842878120412,10
"NUC_vs_CONTROL",17,5,"BinomialLasso",10,0.6784140969163,0.6784140969163,0,10
"NUC_vs_CONTROL",17,5,"Mahalanobis",10,0.698972099853157,0.687224669603524,-0.0117474302496329,10
"NUC_vs_CONTROL",18,1,"RF",10,0.849194729136164,0.855051244509517,0.00585651537335286,10
"NUC_vs_CONTROL",18,1,"BinomialLasso",10,0.711566617862372,0.714494875549048,0.00292825768667648,10
"NUC_vs_CONTROL",18,1,"Mahalanobis",10,0.707174231332357,0.715959004392387,0.00878477306002934,10
"NUC_vs_CONTROL",18,2,"RF",10,0.857979502196193,0.85212298682284,-0.00585651537335286,10
"NUC_vs_CONTROL",18,2,"BinomialLasso",10,0.68081991215227,0.685212298682284,0.00439238653001461,10
"NUC_vs_CONTROL",18,2,"Mahalanobis",10,0.68081991215227,0.679355783308931,-0.00146412884333824,10
"NUC_vs_CONTROL",18,3,"RF",10,0.868035190615836,0.851906158357771,-0.0161290322580645,10
"NUC_vs_CONTROL",18,3,"BinomialLasso",10,0.697947214076246,0.690615835777126,-0.00733137829912023,10
"NUC_vs_CONTROL",18,3,"Mahalanobis",10,0.680351906158358,0.673020527859237,-0.00733137829912023,10
"NUC_vs_CONTROL",18,4,"RF",10,0.834067547723935,0.834067547723935,0,10
"NUC_vs_CONTROL",18,4,"BinomialLasso",10,0.674008810572687,0.674008810572687,0,10
"NUC_vs_CONTROL",18,4,"Mahalanobis",10,0.684287812041116,0.6784140969163,-0.00587371512481638,10
"NUC_vs_CONTROL",18,5,"RF",10,0.851688693098385,0.847283406754772,-0.00440528634361226,10
"NUC_vs_CONTROL",18,5,"BinomialLasso",10,0.725403817914831,0.725403817914831,0,10
"NUC_vs_CONTROL",18,5,"Mahalanobis",10,0.71071953010279,0.709251101321586,-0.00146842878120412,10
"NUC_vs_CONTROL",19,1,"RF",10,0.856515373352855,0.859443631039531,0.00292825768667637,10
"NUC_vs_CONTROL",19,1,"BinomialLasso",10,0.69692532942899,0.698389458272328,0.00146412884333824,10
"NUC_vs_CONTROL",19,1,"Mahalanobis",10,0.705710102489019,0.710102489019034,0.00439238653001472,10
"NUC_vs_CONTROL",19,2,"RF",10,0.844802342606149,0.843338213762811,-0.00146412884333824,10
"NUC_vs_CONTROL",19,2,"BinomialLasso",10,0.685212298682284,0.682284040995608,-0.00292825768667648,10
"NUC_vs_CONTROL",19,2,"Mahalanobis",10,0.695461200585652,0.692532942898975,-0.00292825768667637,10
"NUC_vs_CONTROL",19,3,"RF",10,0.848973607038123,0.851906158357771,0.00293255131964809,10
"NUC_vs_CONTROL",19,3,"BinomialLasso",10,0.703812316715543,0.703812316715543,0,10
"NUC_vs_CONTROL",19,3,"Mahalanobis",10,0.705278592375367,0.705278592375367,0,10
"NUC_vs_CONTROL",19,4,"RF",10,0.83553597650514,0.838472834067548,0.00293685756240814,10
"NUC_vs_CONTROL",19,4,"BinomialLasso",10,0.700440528634361,0.700440528634361,0,10
"NUC_vs_CONTROL",19,4,"Mahalanobis",10,0.68575624082232,0.687224669603524,0.00146842878120412,10
"NUC_vs_CONTROL",19,5,"RF",10,0.841409691629956,0.841409691629956,0,10
"NUC_vs_CONTROL",19,5,"BinomialLasso",10,0.701908957415565,0.701908957415565,0,10
"NUC_vs_CONTROL",19,5,"Mahalanobis",10,0.690161527165932,0.688693098384728,-0.00146842878120412,10
"NUC_vs_CONTROL",20,1,"RF",10,0.869692532942899,0.863836017569546,-0.00585651537335286,10
"NUC_vs_CONTROL",20,1,"BinomialLasso",10,0.685212298682284,0.683748169838946,-0.00146412884333824,10
"NUC_vs_CONTROL",20,1,"Mahalanobis",10,0.68814055636896,0.691068814055637,0.00292825768667648,10
"NUC_vs_CONTROL",20,2,"RF",10,0.868228404099561,0.865300146412884,-0.00292825768667648,10
"NUC_vs_CONTROL",20,2,"BinomialLasso",10,0.72913616398243,0.732064421669107,0.00292825768667648,10
"NUC_vs_CONTROL",20,2,"Mahalanobis",10,0.726207906295754,0.726207906295754,0,10
"NUC_vs_CONTROL",20,3,"RF",10,0.859237536656892,0.856304985337243,-0.00293255131964809,10
"NUC_vs_CONTROL",20,3,"BinomialLasso",10,0.703812316715543,0.693548387096774,-0.0102639296187683,10
"NUC_vs_CONTROL",20,3,"Mahalanobis",10,0.696480938416422,0.697947214076246,0.00146627565982405,10
"NUC_vs_CONTROL",20,4,"RF",10,0.850220264317181,0.847283406754772,-0.00293685756240814,10
"NUC_vs_CONTROL",20,4,"BinomialLasso",10,0.676945668135095,0.676945668135095,0,10
"NUC_vs_CONTROL",20,4,"Mahalanobis",10,0.668135095447871,0.669603524229075,0.00146842878120412,10
"NUC_vs_CONTROL",20,5,"RF",10,0.834067547723935,0.828193832599119,-0.00587371512481649,10
"NUC_vs_CONTROL",20,5,"BinomialLasso",10,0.700440528634361,0.701908957415565,0.00146842878120412,10
"NUC_vs_CONTROL",20,5,"Mahalanobis",10,0.696035242290749,0.693098384728341,-0.00293685756240825,10
"HEME_vs_CONTROL",1,1,"RF",10,0.936991869918699,0.934959349593496,-0.00203252032520329,9
"HEME_vs_CONTROL",1,1,"BinomialLasso",10,0.892276422764228,0.892276422764228,0,9
"HEME_vs_CONTROL",1,1,"Mahalanobis",10,0.878048780487805,0.882113821138211,0.00406504065040647,9
"HEME_vs_CONTROL",1,2,"RF",10,0.926829268292683,0.928861788617886,0.00203252032520318,9
"HEME_vs_CONTROL",1,2,"BinomialLasso",10,0.914634146341463,0.91260162601626,-0.00203252032520329,9
"HEME_vs_CONTROL",1,2,"Mahalanobis",10,0.892276422764228,0.894308943089431,0.00203252032520318,9
"HEME_vs_CONTROL",1,3,"RF",10,0.922606924643585,0.926680244399185,0.00407331975560077,8
"HEME_vs_CONTROL",1,3,"BinomialLasso",10,0.881873727087576,0.883910386965377,0.00203665987780044,8
"HEME_vs_CONTROL",1,3,"Mahalanobis",10,0.879837067209776,0.873727087576375,-0.00610997963340121,8
"HEME_vs_CONTROL",1,4,"RF",10,0.942857142857143,0.946938775510204,0.00408163265306127,8
"HEME_vs_CONTROL",1,4,"BinomialLasso",10,0.9,0.910204081632653,0.0102040816326531,8
"HEME_vs_CONTROL",1,4,"Mahalanobis",10,0.885714285714286,0.881632653061225,-0.00408163265306116,8
"HEME_vs_CONTROL",1,5,"RF",10,0.942857142857143,0.948979591836735,0.00612244897959191,9
"HEME_vs_CONTROL",1,5,"BinomialLasso",10,0.902040816326531,0.912244897959184,0.010204081632653,9
"HEME_vs_CONTROL",1,5,"Mahalanobis",10,0.893877551020408,0.895918367346939,0.00204081632653064,9
"HEME_vs_CONTROL",2,1,"RF",10,0.92479674796748,0.91869918699187,-0.00609756097560976,9
"HEME_vs_CONTROL",2,1,"BinomialLasso",10,0.892276422764228,0.894308943089431,0.00203252032520318,9
"HEME_vs_CONTROL",2,1,"Mahalanobis",10,0.863821138211382,0.863821138211382,0,9
"HEME_vs_CONTROL",2,2,"RF",10,0.959349593495935,0.953252032520325,-0.00609756097560976,9
"HEME_vs_CONTROL",2,2,"BinomialLasso",10,0.90650406504065,0.908536585365854,0.00203252032520329,9
"HEME_vs_CONTROL",2,2,"Mahalanobis",10,0.884146341463415,0.886178861788618,0.00203252032520329,9
"HEME_vs_CONTROL",2,3,"RF",10,0.94908350305499,0.945010183299389,-0.00407331975560077,9
"HEME_vs_CONTROL",2,3,"BinomialLasso",10,0.904276985743381,0.89816700610998,-0.00610997963340121,9
"HEME_vs_CONTROL",2,3,"Mahalanobis",10,0.908350305498982,0.914460285132383,0.00610997963340121,9
"HEME_vs_CONTROL",2,4,"RF",10,0.928571428571429,0.930612244897959,0.00204081632653053,8
"HEME_vs_CONTROL",2,4,"BinomialLasso",10,0.893877551020408,0.902040816326531,0.00816326530612255,8
"HEME_vs_CONTROL",2,4,"Mahalanobis",10,0.887755102040816,0.879591836734694,-0.00816326530612244,8
"HEME_vs_CONTROL",2,5,"RF",10,0.938775510204082,0.940816326530612,0.00204081632653053,8
"HEME_vs_CONTROL",2,5,"BinomialLasso",10,0.904081632653061,0.914285714285714,0.0102040816326531,8
"HEME_vs_CONTROL",2,5,"Mahalanobis",10,0.885714285714286,0.887755102040816,0.00204081632653064,8
"HEME_vs_CONTROL",3,1,"RF",10,0.953252032520325,0.951219512195122,-0.00203252032520329,8
"HEME_vs_CONTROL",3,1,"BinomialLasso",10,0.928861788617886,0.932926829268293,0.00406504065040658,8
"HEME_vs_CONTROL",3,1,"Mahalanobis",10,0.908536585365854,0.910569105691057,0.00203252032520318,8
"HEME_vs_CONTROL",3,2,"RF",10,0.934959349593496,0.932926829268293,-0.00203252032520318,8
"HEME_vs_CONTROL",3,2,"BinomialLasso",10,0.888211382113821,0.884146341463415,-0.00406504065040647,8
"HEME_vs_CONTROL",3,2,"Mahalanobis",10,0.878048780487805,0.886178861788618,0.00813008130081305,8
"HEME_vs_CONTROL",3,3,"RF",10,0.928716904276986,0.932790224032587,0.00407331975560088,9
"HEME_vs_CONTROL",3,3,"BinomialLasso",10,0.890020366598778,0.885947046843177,-0.00407331975560088,9
"HEME_vs_CONTROL",3,3,"Mahalanobis",10,0.877800407331976,0.875763747454175,-0.00203665987780033,9
"HEME_vs_CONTROL",3,4,"RF",10,0.93469387755102,0.936734693877551,0.00204081632653064,9
"HEME_vs_CONTROL",3,4,"BinomialLasso",10,0.881632653061225,0.887755102040816,0.0061224489795918,9
"HEME_vs_CONTROL",3,4,"Mahalanobis",10,0.869387755102041,0.873469387755102,0.00408163265306127,9
"HEME_vs_CONTROL",3,5,"RF",10,0.93469387755102,0.93265306122449,-0.00204081632653064,9
"HEME_vs_CONTROL",3,5,"BinomialLasso",10,0.908163265306122,0.914285714285714,0.0061224489795918,9
"HEME_vs_CONTROL",3,5,"Mahalanobis",10,0.895918367346939,0.904081632653061,0.00816326530612244,9
"HEME_vs_CONTROL",4,1,"RF",10,0.939024390243902,0.941056910569106,0.00203252032520329,9
"HEME_vs_CONTROL",4,1,"BinomialLasso",10,0.898373983739837,0.904471544715447,0.00609756097560976,9
"HEME_vs_CONTROL",4,1,"Mahalanobis",10,0.886178861788618,0.894308943089431,0.00813008130081294,9
"HEME_vs_CONTROL",4,2,"RF",10,0.92479674796748,0.922764227642276,-0.00203252032520329,9
"HEME_vs_CONTROL",4,2,"BinomialLasso",10,0.892276422764228,0.898373983739837,0.00609756097560965,9
"HEME_vs_CONTROL",4,2,"Mahalanobis",10,0.882113821138211,0.884146341463415,0.00203252032520329,9
"HEME_vs_CONTROL",4,3,"RF",10,0.926680244399185,0.922606924643585,-0.00407331975560077,8
"HEME_vs_CONTROL",4,3,"BinomialLasso",10,0.90224032586558,0.90224032586558,0,8
"HEME_vs_CONTROL",4,3,"Mahalanobis",10,0.887983706720978,0.885947046843177,-0.00203665987780044,8
"HEME_vs_CONTROL",4,4,"RF",10,0.93469387755102,0.936734693877551,0.00204081632653064,9
"HEME_vs_CONTROL",4,4,"BinomialLasso",10,0.9,0.910204081632653,0.0102040816326531,9
"HEME_vs_CONTROL",4,4,"Mahalanobis",10,0.895918367346939,0.889795918367347,-0.0061224489795918,9
"HEME_vs_CONTROL",4,5,"RF",10,0.942857142857143,0.942857142857143,0,8
"HEME_vs_CONTROL",4,5,"BinomialLasso",10,0.9,0.906122448979592,0.0061224489795918,8
"HEME_vs_CONTROL",4,5,"Mahalanobis",10,0.887755102040816,0.887755102040816,0,8
"HEME_vs_CONTROL",5,1,"RF",10,0.932926829268293,0.939024390243902,0.00609756097560965,9
"HEME_vs_CONTROL",5,1,"BinomialLasso",10,0.908536585365854,0.90650406504065,-0.00203252032520329,9
"HEME_vs_CONTROL",5,1,"Mahalanobis",10,0.892276422764228,0.894308943089431,0.00203252032520318,9
"HEME_vs_CONTROL",5,2,"RF",10,0.934959349593496,0.939024390243902,0.00406504065040647,8
"HEME_vs_CONTROL",5,2,"BinomialLasso",10,0.888211382113821,0.890243902439024,0.00203252032520329,8
"HEME_vs_CONTROL",5,2,"Mahalanobis",10,0.878048780487805,0.876016260162602,-0.00203252032520329,8
"HEME_vs_CONTROL",5,3,"RF",10,0.926680244399185,0.926680244399185,0,9
"HEME_vs_CONTROL",5,3,"BinomialLasso",10,0.892057026476578,0.906313645621181,0.0142566191446029,9
"HEME_vs_CONTROL",5,3,"Mahalanobis",10,0.879837067209776,0.881873727087576,0.00203665987780044,9
"HEME_vs_CONTROL",5,4,"RF",10,0.944897959183673,0.948979591836735,0.00408163265306127,9
"HEME_vs_CONTROL",5,4,"BinomialLasso",10,0.914285714285714,0.914285714285714,0,9
"HEME_vs_CONTROL",5,4,"Mahalanobis",10,0.902040816326531,0.895918367346939,-0.00612244897959191,9
"HEME_vs_CONTROL",5,5,"RF",10,0.922448979591837,0.928571428571429,0.00612244897959191,8
"HEME_vs_CONTROL",5,5,"BinomialLasso",10,0.893877551020408,0.902040816326531,0.00816326530612255,8
"HEME_vs_CONTROL",5,5,"Mahalanobis",10,0.881632653061225,0.877551020408163,-0.00408163265306127,8
"HEME_vs_CONTROL",6,1,"RF",10,0.941056910569106,0.941056910569106,0,8
"HEME_vs_CONTROL",6,1,"BinomialLasso",10,0.902439024390244,0.900406504065041,-0.00203252032520329,8
"HEME_vs_CONTROL",6,1,"Mahalanobis",10,0.886178861788618,0.888211382113821,0.00203252032520318,8
"HEME_vs_CONTROL",6,2,"RF",10,0.92479674796748,0.92479674796748,0,9
"HEME_vs_CONTROL",6,2,"BinomialLasso",10,0.898373983739837,0.904471544715447,0.00609756097560976,9
"HEME_vs_CONTROL",6,2,"Mahalanobis",10,0.902439024390244,0.894308943089431,-0.00813008130081305,9
"HEME_vs_CONTROL",6,3,"RF",10,0.940936863543788,0.938900203665988,-0.00203665987780033,9
"HEME_vs_CONTROL",6,3,"BinomialLasso",10,0.90224032586558,0.896130346232179,-0.00610997963340121,9
"HEME_vs_CONTROL",6,3,"Mahalanobis",10,0.873727087576375,0.871690427698574,-0.00203665987780044,9
"HEME_vs_CONTROL",6,4,"RF",10,0.940816326530612,0.940816326530612,0,9
"HEME_vs_CONTROL",6,4,"BinomialLasso",10,0.904081632653061,0.912244897959184,0.00816326530612244,9
"HEME_vs_CONTROL",6,4,"Mahalanobis",10,0.895918367346939,0.897959183673469,0.00204081632653064,9
"HEME_vs_CONTROL",6,5,"RF",10,0.940816326530612,0.936734693877551,-0.00408163265306116,8
"HEME_vs_CONTROL",6,5,"BinomialLasso",10,0.9,0.912244897959184,0.0122448979591836,8
"HEME_vs_CONTROL",6,5,"Mahalanobis",10,0.885714285714286,0.887755102040816,0.00204081632653064,8
"HEME_vs_CONTROL",7,1,"RF",10,0.943089430894309,0.945121951219512,0.00203252032520318,9
"HEME_vs_CONTROL",7,1,"BinomialLasso",10,0.890243902439024,0.894308943089431,0.00406504065040647,9
"HEME_vs_CONTROL",7,1,"Mahalanobis",10,0.888211382113821,0.890243902439024,0.00203252032520329,9
"HEME_vs_CONTROL",7,2,"RF",10,0.939024390243902,0.939024390243902,0,9
"HEME_vs_CONTROL",7,2,"BinomialLasso",10,0.904471544715447,0.904471544715447,0,9
"HEME_vs_CONTROL",7,2,"Mahalanobis",10,0.884146341463415,0.884146341463415,0,9
"HEME_vs_CONTROL",7,3,"RF",10,0.934826883910387,0.936863543788187,0.00203665987780044,9
"HEME_vs_CONTROL",7,3,"BinomialLasso",10,0.904276985743381,0.906313645621181,0.00203665987780033,9
"HEME_vs_CONTROL",7,3,"Mahalanobis",10,0.89816700610998,0.892057026476578,-0.00610997963340132,9
"HEME_vs_CONTROL",7,4,"RF",10,0.93469387755102,0.93265306122449,-0.00204081632653064,8
"HEME_vs_CONTROL",7,4,"BinomialLasso",10,0.908163265306122,0.914285714285714,0.0061224489795918,8
"HEME_vs_CONTROL",7,4,"Mahalanobis",10,0.902040816326531,0.904081632653061,0.00204081632653053,8
"HEME_vs_CONTROL",7,5,"RF",10,0.924489795918367,0.924489795918367,0,9
"HEME_vs_CONTROL",7,5,"BinomialLasso",10,0.889795918367347,0.895918367346939,0.0061224489795918,9
"HEME_vs_CONTROL",7,5,"Mahalanobis",10,0.877551020408163,0.881632653061225,0.00408163265306127,9
"HEME_vs_CONTROL",8,1,"RF",10,0.951219512195122,0.951219512195122,0,9
"HEME_vs_CONTROL",8,1,"BinomialLasso",10,0.908536585365854,0.91260162601626,0.00406504065040647,9
"HEME_vs_CONTROL",8,1,"Mahalanobis",10,0.863821138211382,0.867886178861789,0.00406504065040658,9
"HEME_vs_CONTROL",8,2,"RF",10,0.934959349593496,0.932926829268293,-0.00203252032520318,9
"HEME_vs_CONTROL",8,2,"BinomialLasso",10,0.880081300813008,0.888211382113821,0.00813008130081294,9
"HEME_vs_CONTROL",8,2,"Mahalanobis",10,0.871951219512195,0.880081300813008,0.00813008130081305,9
"HEME_vs_CONTROL",8,3,"RF",10,0.924643584521385,0.928716904276986,0.00407331975560077,8
"HEME_vs_CONTROL",8,3,"BinomialLasso",10,0.90020366598778,0.90020366598778,0,8
"HEME_vs_CONTROL",8,3,"Mahalanobis",10,0.906313645621181,0.908350305498982,0.00203665987780044,8
"HEME_vs_CONTROL",8,4,"RF",10,0.928571428571429,0.930612244897959,0.00204081632653053,8
"HEME_vs_CONTROL",8,4,"BinomialLasso",10,0.893877551020408,0.9,0.00612244897959191,8
"HEME_vs_CONTROL",8,4,"Mahalanobis",10,0.879591836734694,0.883673469387755,0.00408163265306127,8
"HEME_vs_CONTROL",8,5,"RF",10,0.930612244897959,0.936734693877551,0.00612244897959191,9
"HEME_vs_CONTROL",8,5,"BinomialLasso",10,0.902040816326531,0.910204081632653,0.00816326530612244,9
"HEME_vs_CONTROL",8,5,"Mahalanobis",10,0.893877551020408,0.9,0.00612244897959191,9
"HEME_vs_CONTROL",9,1,"RF",10,0.941056910569106,0.943089430894309,0.00203252032520329,9
"HEME_vs_CONTROL",9,1,"BinomialLasso",10,0.914634146341463,0.904471544715447,-0.0101626016260163,9
"HEME_vs_CONTROL",9,1,"Mahalanobis",10,0.894308943089431,0.894308943089431,0,9
"HEME_vs_CONTROL",9,2,"RF",10,0.932926829268293,0.939024390243902,0.00609756097560965,9
"HEME_vs_CONTROL",9,2,"BinomialLasso",10,0.910569105691057,0.90650406504065,-0.00406504065040647,9
"HEME_vs_CONTROL",9,2,"Mahalanobis",10,0.880081300813008,0.884146341463415,0.00406504065040647,9
"HEME_vs_CONTROL",9,3,"RF",10,0.926680244399185,0.918533604887984,-0.00814663951120154,8
"HEME_vs_CONTROL",9,3,"BinomialLasso",10,0.894093686354379,0.90224032586558,0.00814663951120165,8
"HEME_vs_CONTROL",9,3,"Mahalanobis",10,0.883910386965377,0.877800407331976,-0.00610997963340132,8
"HEME_vs_CONTROL",9,4,"RF",10,0.926530612244898,0.93469387755102,0.00816326530612244,8
"HEME_vs_CONTROL",9,4,"BinomialLasso",10,0.891836734693878,0.9,0.00816326530612244,8
"HEME_vs_CONTROL",9,4,"Mahalanobis",10,0.889795918367347,0.895918367346939,0.0061224489795918,8
"HEME_vs_CONTROL",9,5,"RF",10,0.936734693877551,0.93265306122449,-0.00408163265306127,9
"HEME_vs_CONTROL",9,5,"BinomialLasso",10,0.893877551020408,0.893877551020408,0,9
"HEME_vs_CONTROL",9,5,"Mahalanobis",10,0.877551020408163,0.873469387755102,-0.00408163265306116,9
"HEME_vs_CONTROL",10,1,"RF",10,0.936991869918699,0.936991869918699,0,9
"HEME_vs_CONTROL",10,1,"BinomialLasso",10,0.900406504065041,0.902439024390244,0.00203252032520329,9
"HEME_vs_CONTROL",10,1,"Mahalanobis",10,0.888211382113821,0.890243902439024,0.00203252032520329,9
"HEME_vs_CONTROL",10,2,"RF",10,0.939024390243902,0.939024390243902,0,8
"HEME_vs_CONTROL",10,2,"BinomialLasso",10,0.902439024390244,0.904471544715447,0.00203252032520318,8
"HEME_vs_CONTROL",10,2,"Mahalanobis",10,0.886178861788618,0.892276422764228,0.00609756097560976,8
"HEME_vs_CONTROL",10,3,"RF",10,0.934826883910387,0.934826883910387,0,9
"HEME_vs_CONTROL",10,3,"BinomialLasso",10,0.890020366598778,0.887983706720978,-0.00203665987780044,9
"HEME_vs_CONTROL",10,3,"Mahalanobis",10,0.894093686354379,0.892057026476578,-0.00203665987780044,9
"HEME_vs_CONTROL",10,4,"RF",10,0.928571428571429,0.922448979591837,-0.00612244897959191,8
"HEME_vs_CONTROL",10,4,"BinomialLasso",10,0.9,0.904081632653061,0.00408163265306116,8
"HEME_vs_CONTROL",10,4,"Mahalanobis",10,0.863265306122449,0.869387755102041,0.0061224489795918,8
"HEME_vs_CONTROL",10,5,"RF",10,0.940816326530612,0.938775510204082,-0.00204081632653053,9
"HEME_vs_CONTROL",10,5,"BinomialLasso",10,0.9,0.906122448979592,0.0061224489795918,9
"HEME_vs_CONTROL",10,5,"Mahalanobis",10,0.879591836734694,0.883673469387755,0.00408163265306127,9
"HEME_vs_CONTROL",11,1,"RF",10,0.949186991869919,0.951219512195122,0.00203252032520318,9
"HEME_vs_CONTROL",11,1,"BinomialLasso",10,0.91869918699187,0.916666666666667,-0.00203252032520329,9
"HEME_vs_CONTROL",11,1,"Mahalanobis",10,0.890243902439024,0.890243902439024,0,9
"HEME_vs_CONTROL",11,2,"RF",10,0.902439024390244,0.910569105691057,0.00813008130081294,9
"HEME_vs_CONTROL",11,2,"BinomialLasso",10,0.886178861788618,0.888211382113821,0.00203252032520318,9
"HEME_vs_CONTROL",11,2,"Mahalanobis",10,0.880081300813008,0.865853658536585,-0.0142276422764228,9
"HEME_vs_CONTROL",11,3,"RF",10,0.934826883910387,0.936863543788187,0.00203665987780044,8
"HEME_vs_CONTROL",11,3,"BinomialLasso",10,0.89816700610998,0.90224032586558,0.00407331975560077,8
"HEME_vs_CONTROL",11,3,"Mahalanobis",10,0.890020366598778,0.892057026476578,0.00203665987780033,8
"HEME_vs_CONTROL",11,4,"RF",10,0.944897959183673,0.940816326530612,-0.00408163265306127,8
"HEME_vs_CONTROL",11,4,"BinomialLasso",10,0.891836734693878,0.897959183673469,0.0061224489795918,8
"HEME_vs_CONTROL",11,4,"Mahalanobis",10,0.883673469387755,0.887755102040816,0.00408163265306116,8
"HEME_vs_CONTROL",11,5,"RF",10,0.951020408163265,0.951020408163265,0,9
"HEME_vs_CONTROL",11,5,"BinomialLasso",10,0.916326530612245,0.912244897959184,-0.00408163265306127,9
"HEME_vs_CONTROL",11,5,"Mahalanobis",10,0.895918367346939,0.9,0.00408163265306127,9
"HEME_vs_CONTROL",12,1,"RF",10,0.920731707317073,0.920731707317073,0,9
"HEME_vs_CONTROL",12,1,"BinomialLasso",10,0.892276422764228,0.896341463414634,0.00406504065040647,9
"HEME_vs_CONTROL",12,1,"Mahalanobis",10,0.888211382113821,0.878048780487805,-0.0101626016260162,9
"HEME_vs_CONTROL",12,2,"RF",10,0.941056910569106,0.945121951219512,0.00406504065040647,9
"HEME_vs_CONTROL",12,2,"BinomialLasso",10,0.90650406504065,0.910569105691057,0.00406504065040647,9
"HEME_vs_CONTROL",12,2,"Mahalanobis",10,0.878048780487805,0.882113821138211,0.00406504065040647,9
"HEME_vs_CONTROL",12,3,"RF",10,0.914460285132383,0.914460285132383,0,8
"HEME_vs_CONTROL",12,3,"BinomialLasso",10,0.879837067209776,0.887983706720978,0.00814663951120165,8
"HEME_vs_CONTROL",12,3,"Mahalanobis",10,0.875763747454175,0.881873727087576,0.00610997963340121,8
"HEME_vs_CONTROL",12,4,"RF",10,0.944897959183673,0.944897959183673,0,9
"HEME_vs_CONTROL",12,4,"BinomialLasso",10,0.9,0.9,0,9
"HEME_vs_CONTROL",12,4,"Mahalanobis",10,0.897959183673469,0.904081632653061,0.0061224489795918,9
"HEME_vs_CONTROL",12,5,"RF",10,0.948979591836735,0.948979591836735,0,9
"HEME_vs_CONTROL",12,5,"BinomialLasso",10,0.912244897959184,0.918367346938776,0.00612244897959191,9
"HEME_vs_CONTROL",12,5,"Mahalanobis",10,0.908163265306122,0.902040816326531,-0.0061224489795918,9
"HEME_vs_CONTROL",13,1,"RF",10,0.93089430894309,0.93089430894309,0,8
"HEME_vs_CONTROL",13,1,"BinomialLasso",10,0.898373983739837,0.900406504065041,0.00203252032520329,8
"HEME_vs_CONTROL",13,1,"Mahalanobis",10,0.90650406504065,0.896341463414634,-0.0101626016260162,8
"HEME_vs_CONTROL",13,2,"RF",10,0.920731707317073,0.920731707317073,0,9
"HEME_vs_CONTROL",13,2,"BinomialLasso",10,0.888211382113821,0.898373983739837,0.0101626016260162,9
"HEME_vs_CONTROL",13,2,"Mahalanobis",10,0.886178861788618,0.884146341463415,-0.00203252032520329,9
"HEME_vs_CONTROL",13,3,"RF",10,0.967413441955194,0.969450101832994,0.00203665987780033,9
"HEME_vs_CONTROL",13,3,"BinomialLasso",10,0.920570264765784,0.922606924643585,0.00203665987780044,9
"HEME_vs_CONTROL",13,3,"Mahalanobis",10,0.904276985743381,0.908350305498982,0.00407331975560077,9
"HEME_vs_CONTROL",13,4,"RF",10,0.926530612244898,0.928571428571429,0.00204081632653064,8
"HEME_vs_CONTROL",13,4,"BinomialLasso",10,0.891836734693878,0.897959183673469,0.0061224489795918,8
"HEME_vs_CONTROL",13,4,"Mahalanobis",10,0.857142857142857,0.859183673469388,0.00204081632653064,8
"HEME_vs_CONTROL",13,5,"RF",10,0.920408163265306,0.924489795918367,0.00408163265306116,8
"HEME_vs_CONTROL",13,5,"BinomialLasso",10,0.875510204081633,0.889795918367347,0.0142857142857143,8
"HEME_vs_CONTROL",13,5,"Mahalanobis",10,0.869387755102041,0.86734693877551,-0.00204081632653064,8
"HEME_vs_CONTROL",14,1,"RF",10,0.939024390243902,0.947154471544715,0.00813008130081305,8
"HEME_vs_CONTROL",14,1,"BinomialLasso",10,0.902439024390244,0.908536585365854,0.00609756097560976,8
"HEME_vs_CONTROL",14,1,"Mahalanobis",10,0.902439024390244,0.900406504065041,-0.00203252032520329,8
"HEME_vs_CONTROL",14,2,"RF",10,0.92479674796748,0.934959349593496,0.0101626016260162,8
"HEME_vs_CONTROL",14,2,"BinomialLasso",10,0.867886178861789,0.876016260162602,0.00813008130081294,8
"HEME_vs_CONTROL",14,2,"Mahalanobis",10,0.873983739837398,0.876016260162602,0.00203252032520318,8
"HEME_vs_CONTROL",14,3,"RF",10,0.940936863543788,0.940936863543788,0,9
"HEME_vs_CONTROL",14,3,"BinomialLasso",10,0.90020366598778,0.908350305498982,0.00814663951120165,9
"HEME_vs_CONTROL",14,3,"Mahalanobis",10,0.890020366598778,0.896130346232179,0.00610997963340121,9
"HEME_vs_CONTROL",14,4,"RF",10,0.928571428571429,0.928571428571429,0,8
"HEME_vs_CONTROL",14,4,"BinomialLasso",10,0.906122448979592,0.906122448979592,0,8
"HEME_vs_CONTROL",14,4,"Mahalanobis",10,0.881632653061225,0.885714285714286,0.00408163265306116,8
"HEME_vs_CONTROL",14,5,"RF",10,0.930612244897959,0.930612244897959,0,9
"HEME_vs_CONTROL",14,5,"BinomialLasso",10,0.893877551020408,0.9,0.00612244897959191,9
"HEME_vs_CONTROL",14,5,"Mahalanobis",10,0.86734693877551,0.869387755102041,0.00204081632653064,9
"HEME_vs_CONTROL",15,1,"RF",10,0.939024390243902,0.932926829268293,-0.00609756097560965,8
"HEME_vs_CONTROL",15,1,"BinomialLasso",10,0.890243902439024,0.904471544715447,0.0142276422764227,8
"HEME_vs_CONTROL",15,1,"Mahalanobis",10,0.859756097560976,0.863821138211382,0.00406504065040647,8
"HEME_vs_CONTROL",15,2,"RF",10,0.928861788617886,0.928861788617886,0,9
"HEME_vs_CONTROL",15,2,"BinomialLasso",10,0.900406504065041,0.898373983739837,-0.00203252032520329,9
"HEME_vs_CONTROL",15,2,"Mahalanobis",10,0.882113821138211,0.886178861788618,0.00406504065040658,9
"HEME_vs_CONTROL",15,3,"RF",10,0.942973523421589,0.94704684317719,0.00407331975560088,9
"HEME_vs_CONTROL",15,3,"BinomialLasso",10,0.908350305498982,0.916496945010183,0.00814663951120165,9
"HEME_vs_CONTROL",15,3,"Mahalanobis",10,0.918533604887984,0.916496945010183,-0.00203665987780044,9
"HEME_vs_CONTROL",15,4,"RF",10,0.93469387755102,0.938775510204082,0.00408163265306127,8
"HEME_vs_CONTROL",15,4,"BinomialLasso",10,0.9,0.891836734693878,-0.00816326530612244,8
"HEME_vs_CONTROL",15,4,"Mahalanobis",10,0.863265306122449,0.851020408163265,-0.0122448979591837,8
"HEME_vs_CONTROL",15,5,"RF",10,0.938775510204082,0.938775510204082,0,9
"HEME_vs_CONTROL",15,5,"BinomialLasso",10,0.891836734693878,0.9,0.00816326530612244,9
"HEME_vs_CONTROL",15,5,"Mahalanobis",10,0.9,0.897959183673469,-0.00204081632653064,9
"HEME_vs_CONTROL",16,1,"RF",10,0.934959349593496,0.941056910569106,0.00609756097560976,8
"HEME_vs_CONTROL",16,1,"BinomialLasso",10,0.900406504065041,0.90650406504065,0.00609756097560976,8
"HEME_vs_CONTROL",16,1,"Mahalanobis",10,0.886178861788618,0.890243902439024,0.00406504065040647,8
"HEME_vs_CONTROL",16,2,"RF",10,0.934959349593496,0.943089430894309,0.00813008130081305,8
"HEME_vs_CONTROL",16,2,"BinomialLasso",10,0.896341463414634,0.900406504065041,0.00406504065040647,8
"HEME_vs_CONTROL",16,2,"Mahalanobis",10,0.892276422764228,0.894308943089431,0.00203252032520318,8
"HEME_vs_CONTROL",16,3,"RF",10,0.928716904276986,0.930753564154786,0.00203665987780044,9
"HEME_vs_CONTROL",16,3,"BinomialLasso",10,0.896130346232179,0.89816700610998,0.00203665987780044,9
"HEME_vs_CONTROL",16,3,"Mahalanobis",10,0.887983706720978,0.887983706720978,0,9
"HEME_vs_CONTROL",16,4,"RF",10,0.928571428571429,0.926530612244898,-0.00204081632653064,9
"HEME_vs_CONTROL",16,4,"BinomialLasso",10,0.889795918367347,0.891836734693878,0.00204081632653064,9
"HEME_vs_CONTROL",16,4,"Mahalanobis",10,0.879591836734694,0.877551020408163,-0.00204081632653064,9
"HEME_vs_CONTROL",16,5,"RF",10,0.944897959183673,0.944897959183673,0,9
"HEME_vs_CONTROL",16,5,"BinomialLasso",10,0.920408163265306,0.924489795918367,0.00408163265306116,9
"HEME_vs_CONTROL",16,5,"Mahalanobis",10,0.895918367346939,0.893877551020408,-0.00204081632653064,9
"HEME_vs_CONTROL",17,1,"RF",10,0.953252032520325,0.949186991869919,-0.00406504065040647,8
"HEME_vs_CONTROL",17,1,"BinomialLasso",10,0.926829268292683,0.922764227642276,-0.00406504065040658,8
"HEME_vs_CONTROL",17,1,"Mahalanobis",10,0.914634146341463,0.91869918699187,0.00406504065040647,8
"HEME_vs_CONTROL",17,2,"RF",10,0.932926829268293,0.93089430894309,-0.00203252032520329,9
"HEME_vs_CONTROL",17,2,"BinomialLasso",10,0.871951219512195,0.882113821138211,0.0101626016260162,9
"HEME_vs_CONTROL",17,2,"Mahalanobis",10,0.855691056910569,0.853658536585366,-0.00203252032520329,9
"HEME_vs_CONTROL",17,3,"RF",10,0.930753564154786,0.926680244399185,-0.00407331975560088,8
"HEME_vs_CONTROL",17,3,"BinomialLasso",10,0.89816700610998,0.89816700610998,0,8
"HEME_vs_CONTROL",17,3,"Mahalanobis",10,0.877800407331976,0.873727087576375,-0.00407331975560077,8
"HEME_vs_CONTROL",17,4,"RF",10,0.922448979591837,0.926530612244898,0.00408163265306127,8
"HEME_vs_CONTROL",17,4,"BinomialLasso",10,0.891836734693878,0.893877551020408,0.00204081632653053,8
"HEME_vs_CONTROL",17,4,"Mahalanobis",10,0.881632653061225,0.881632653061225,0,8
"HEME_vs_CONTROL",17,5,"RF",10,0.936734693877551,0.93469387755102,-0.00204081632653064,9
"HEME_vs_CONTROL",17,5,"BinomialLasso",10,0.895918367346939,0.906122448979592,0.0102040816326531,9
"HEME_vs_CONTROL",17,5,"Mahalanobis",10,0.885714285714286,0.883673469387755,-0.00204081632653053,9
"HEME_vs_CONTROL",18,1,"RF",10,0.920731707317073,0.91869918699187,-0.00203252032520329,8
"HEME_vs_CONTROL",18,1,"BinomialLasso",10,0.890243902439024,0.894308943089431,0.00406504065040647,8
"HEME_vs_CONTROL",18,1,"Mahalanobis",10,0.869918699186992,0.878048780487805,0.00813008130081305,8
"HEME_vs_CONTROL",18,2,"RF",10,0.936991869918699,0.936991869918699,0,9
"HEME_vs_CONTROL",18,2,"BinomialLasso",10,0.904471544715447,0.900406504065041,-0.00406504065040647,9
"HEME_vs_CONTROL",18,2,"Mahalanobis",10,0.890243902439024,0.892276422764228,0.00203252032520329,9
"HEME_vs_CONTROL",18,3,"RF",10,0.918533604887984,0.922606924643585,0.00407331975560077,8
"HEME_vs_CONTROL",18,3,"BinomialLasso",10,0.861507128309572,0.871690427698574,0.010183299389002,8
"HEME_vs_CONTROL",18,3,"Mahalanobis",10,0.883910386965377,0.881873727087576,-0.00203665987780044,8
"HEME_vs_CONTROL",18,4,"RF",10,0.944897959183673,0.942857142857143,-0.00204081632653064,9
"HEME_vs_CONTROL",18,4,"BinomialLasso",10,0.910204081632653,0.920408163265306,0.0102040816326531,9
"HEME_vs_CONTROL",18,4,"Mahalanobis",10,0.908163265306122,0.908163265306122,0,9
"HEME_vs_CONTROL",18,5,"RF",10,0.936734693877551,0.936734693877551,0,9
"HEME_vs_CONTROL",18,5,"BinomialLasso",10,0.912244897959184,0.908163265306122,-0.00408163265306116,9
"HEME_vs_CONTROL",18,5,"Mahalanobis",10,0.9,0.904081632653061,0.00408163265306116,9
"HEME_vs_CONTROL",19,1,"RF",10,0.945121951219512,0.939024390243902,-0.00609756097560976,9
"HEME_vs_CONTROL",19,1,"BinomialLasso",10,0.892276422764228,0.892276422764228,0,9
"HEME_vs_CONTROL",19,1,"Mahalanobis",10,0.900406504065041,0.900406504065041,0,9
"HEME_vs_CONTROL",19,2,"RF",10,0.928861788617886,0.926829268292683,-0.00203252032520318,8
"HEME_vs_CONTROL",19,2,"BinomialLasso",10,0.888211382113821,0.898373983739837,0.0101626016260162,8
"HEME_vs_CONTROL",19,2,"Mahalanobis",10,0.876016260162602,0.882113821138211,0.00609756097560976,8
"HEME_vs_CONTROL",19,3,"RF",10,0.920570264765784,0.922606924643585,0.00203665987780044,8
"HEME_vs_CONTROL",19,3,"BinomialLasso",10,0.883910386965377,0.881873727087576,-0.00203665987780044,8
"HEME_vs_CONTROL",19,3,"Mahalanobis",10,0.857433808553971,0.859470468431772,0.00203665987780044,8
"HEME_vs_CONTROL",19,4,"RF",10,0.930612244897959,0.930612244897959,0,9
"HEME_vs_CONTROL",19,4,"BinomialLasso",10,0.893877551020408,0.897959183673469,0.00408163265306127,9
"HEME_vs_CONTROL",19,4,"Mahalanobis",10,0.885714285714286,0.885714285714286,0,9
"HEME_vs_CONTROL",19,5,"RF",10,0.961224489795918,0.961224489795918,0,9
"HEME_vs_CONTROL",19,5,"BinomialLasso",10,0.918367346938776,0.926530612244898,0.00816326530612244,9
"HEME_vs_CONTROL",19,5,"Mahalanobis",10,0.908163265306122,0.910204081632653,0.00204081632653064,9
"HEME_vs_CONTROL",20,1,"RF",10,0.947154471544715,0.947154471544715,0,8
"HEME_vs_CONTROL",20,1,"BinomialLasso",10,0.898373983739837,0.902439024390244,0.00406504065040658,8
"HEME_vs_CONTROL",20,1,"Mahalanobis",10,0.884146341463415,0.886178861788618,0.00203252032520329,8
"HEME_vs_CONTROL",20,2,"RF",10,0.939024390243902,0.941056910569106,0.00203252032520329,9
"HEME_vs_CONTROL",20,2,"BinomialLasso",10,0.91260162601626,0.916666666666667,0.00406504065040647,9
"HEME_vs_CONTROL",20,2,"Mahalanobis",10,0.904471544715447,0.904471544715447,0,9
"HEME_vs_CONTROL",20,3,"RF",10,0.936863543788187,0.930753564154786,-0.00610997963340121,9
"HEME_vs_CONTROL",20,3,"BinomialLasso",10,0.906313645621181,0.908350305498982,0.00203665987780044,9
"HEME_vs_CONTROL",20,3,"Mahalanobis",10,0.869653767820774,0.879837067209776,0.010183299389002,9
"HEME_vs_CONTROL",20,4,"RF",10,0.924489795918367,0.926530612244898,0.00204081632653064,8
"HEME_vs_CONTROL",20,4,"BinomialLasso",10,0.883673469387755,0.887755102040816,0.00408163265306116,8
"HEME_vs_CONTROL",20,4,"Mahalanobis",10,0.887755102040816,0.889795918367347,0.00204081632653064,8
"HEME_vs_CONTROL",20,5,"RF",10,0.942857142857143,0.946938775510204,0.00408163265306127,9
"HEME_vs_CONTROL",20,5,"BinomialLasso",10,0.875510204081633,0.879591836734694,0.00408163265306127,9
"HEME_vs_CONTROL",20,5,"Mahalanobis",10,0.881632653061225,0.883673469387755,0.00204081632653064,9
