"t_end","fold","classifier","accuracy","k_use"
6,1,"RF",0.722826086956522,4
6,1,"MultinomialLasso",0.717391304347826,4
6,1,"Mahalanobis",0.646739130434783,4
6,2,"RF",0.743169398907104,4
6,2,"MultinomialLasso",0.754098360655738,4
6,2,"Mahalanobis",0.59016393442623,4
6,3,"RF",0.744444444444444,4
6,3,"MultinomialLasso",0.75,4
6,3,"Mahalanobis",0.616666666666667,4
6,4,"RF",0.731843575418994,4
6,4,"MultinomialLasso",0.737430167597765,4
6,4,"Mahalanobis",0.592178770949721,4
6,5,"RF",0.707865168539326,4
6,5,"MultinomialLasso",0.769662921348315,4
6,5,"Mahalanobis",0.657303370786517,4
6.2,1,"RF",0.744565217391304,4
6.2,1,"MultinomialLasso",0.717391304347826,4
6.2,1,"Mahalanobis",0.652173913043478,4
6.2,2,"RF",0.754098360655738,4
6.2,2,"MultinomialLasso",0.759562841530055,4
6.2,2,"Mahalanobis",0.573770491803279,4
6.2,3,"RF",0.744444444444444,4
6.2,3,"MultinomialLasso",0.755555555555556,4
6.2,3,"Mahalanobis",0.605555555555556,4
6.2,4,"RF",0.737430167597765,4
6.2,4,"MultinomialLasso",0.737430167597765,4
6.2,4,"Mahalanobis",0.58659217877095,4
6.2,5,"RF",0.730337078651685,4
6.2,5,"MultinomialLasso",0.775280898876405,4
6.2,5,"Mahalanobis",0.657303370786517,4
6.4,1,"RF",0.722826086956522,4
6.4,1,"MultinomialLasso",0.728260869565217,4
6.4,1,"Mahalanobis",0.646739130434783,4
6.4,2,"RF",0.770491803278688,4
6.4,2,"MultinomialLasso",0.765027322404372,4
6.4,2,"Mahalanobis",0.551912568306011,4
6.4,3,"RF",0.733333333333333,4
6.4,3,"MultinomialLasso",0.761111111111111,4
6.4,3,"Mahalanobis",0.588888888888889,4
6.4,4,"RF",0.748603351955307,4
6.4,4,"MultinomialLasso",0.743016759776536,4
6.4,4,"Mahalanobis",0.581005586592179,4
6.4,5,"RF",0.741573033707865,4
6.4,5,"MultinomialLasso",0.769662921348315,4
6.4,5,"Mahalanobis",0.651685393258427,4
6.6,1,"RF",0.706521739130435,4
6.6,1,"MultinomialLasso",0.722826086956522,4
6.6,1,"Mahalanobis",0.625,4
6.6,2,"RF",0.765027322404372,4
6.6,2,"MultinomialLasso",0.765027322404372,4
6.6,2,"Mahalanobis",0.546448087431694,4
6.6,3,"RF",0.722222222222222,4
6.6,3,"MultinomialLasso",0.755555555555556,4
6.6,3,"Mahalanobis",0.583333333333333,4
6.6,4,"RF",0.748603351955307,4
6.6,4,"MultinomialLasso",0.743016759776536,4
6.6,4,"Mahalanobis",0.592178770949721,4
6.6,5,"RF",0.747191011235955,4
6.6,5,"MultinomialLasso",0.769662921348315,4
6.6,5,"Mahalanobis",0.646067415730337,4
6.8,1,"RF",0.701086956521739,4
6.8,1,"MultinomialLasso",0.722826086956522,4
6.8,1,"Mahalanobis",0.630434782608696,4
6.8,2,"RF",0.759562841530055,4
6.8,2,"MultinomialLasso",0.765027322404372,4
6.8,2,"Mahalanobis",0.540983606557377,4
6.8,3,"RF",0.733333333333333,4
6.8,3,"MultinomialLasso",0.75,4
6.8,3,"Mahalanobis",0.583333333333333,4
6.8,4,"RF",0.759776536312849,5
6.8,4,"MultinomialLasso",0.770949720670391,5
6.8,4,"Mahalanobis",0.581005586592179,5
6.8,5,"RF",0.775280898876405,5
6.8,5,"MultinomialLasso",0.730337078651685,5
6.8,5,"Mahalanobis",0.674157303370786,5
7,1,"RF",0.706521739130435,5
7,1,"MultinomialLasso",0.739130434782609,5
7,1,"Mahalanobis",0.657608695652174,5
7,2,"RF",0.781420765027322,5
7,2,"MultinomialLasso",0.775956284153005,5
7,2,"Mahalanobis",0.60655737704918,5
7,3,"RF",0.738888888888889,5
7,3,"MultinomialLasso",0.722222222222222,5
7,3,"Mahalanobis",0.605555555555556,5
7,4,"RF",0.776536312849162,5
7,4,"MultinomialLasso",0.759776536312849,5
7,4,"Mahalanobis",0.581005586592179,5
7,5,"RF",0.764044943820225,5
7,5,"MultinomialLasso",0.735955056179775,5
7,5,"Mahalanobis",0.668539325842697,5
7.2,1,"RF",0.728260869565217,5
7.2,1,"MultinomialLasso",0.744565217391304,5
7.2,1,"Mahalanobis",0.66304347826087,5
7.2,2,"RF",0.781420765027322,5
7.2,2,"MultinomialLasso",0.775956284153005,5
7.2,2,"Mahalanobis",0.60655737704918,5
7.2,3,"RF",0.75,5
7.2,3,"MultinomialLasso",0.722222222222222,5
7.2,3,"Mahalanobis",0.605555555555556,5
7.2,4,"RF",0.776536312849162,5
7.2,4,"MultinomialLasso",0.76536312849162,5
7.2,4,"Mahalanobis",0.575418994413408,5
7.2,5,"RF",0.775280898876405,5
7.2,5,"MultinomialLasso",0.741573033707865,5
7.2,5,"Mahalanobis",0.657303370786517,5
7.4,1,"RF",0.739130434782609,5
7.4,1,"MultinomialLasso",0.75,5
7.4,1,"Mahalanobis",0.668478260869565,5
7.4,2,"RF",0.775956284153005,5
7.4,2,"MultinomialLasso",0.765027322404372,5
7.4,2,"Mahalanobis",0.612021857923497,5
7.4,3,"RF",0.755555555555556,5
7.4,3,"MultinomialLasso",0.727777777777778,5
7.4,3,"Mahalanobis",0.605555555555556,5
7.4,4,"RF",0.76536312849162,5
7.4,4,"MultinomialLasso",0.754189944134078,5
7.4,4,"Mahalanobis",0.575418994413408,5
7.4,5,"RF",0.780898876404494,5
7.4,5,"MultinomialLasso",0.752808988764045,5
7.4,5,"Mahalanobis",0.634831460674157,5
7.6,1,"RF",0.717391304347826,5
7.6,1,"MultinomialLasso",0.739130434782609,5
7.6,1,"Mahalanobis",0.66304347826087,5
7.6,2,"RF",0.786885245901639,5
7.6,2,"MultinomialLasso",0.786885245901639,5
7.6,2,"Mahalanobis",0.612021857923497,5
7.6,3,"RF",0.766666666666667,5
7.6,3,"MultinomialLasso",0.744444444444444,5
7.6,3,"Mahalanobis",0.6,5
7.6,4,"RF",0.754189944134078,5
7.6,4,"MultinomialLasso",0.770949720670391,5
7.6,4,"Mahalanobis",0.564245810055866,5
7.6,5,"RF",0.775280898876405,5
7.6,5,"MultinomialLasso",0.758426966292135,5
7.6,5,"Mahalanobis",0.634831460674157,5
7.8,1,"RF",0.728260869565217,5
7.8,1,"MultinomialLasso",0.744565217391304,5
7.8,1,"Mahalanobis",0.657608695652174,5
7.8,2,"RF",0.775956284153005,5
7.8,2,"MultinomialLasso",0.781420765027322,5
7.8,2,"Mahalanobis",0.60655737704918,5
7.8,3,"RF",0.755555555555556,5
7.8,3,"MultinomialLasso",0.738888888888889,5
7.8,3,"Mahalanobis",0.6,5
7.8,4,"RF",0.759776536312849,5
7.8,4,"MultinomialLasso",0.770949720670391,5
7.8,4,"Mahalanobis",0.553072625698324,5
7.8,5,"RF",0.786516853932584,5
7.8,5,"MultinomialLasso",0.764044943820225,5
7.8,5,"Mahalanobis",0.634831460674157,5
8,1,"RF",0.760869565217391,5
8,1,"MultinomialLasso",0.744565217391304,5
8,1,"Mahalanobis",0.668478260869565,5
8,2,"RF",0.808743169398907,5
8,2,"MultinomialLasso",0.770491803278688,5
8,2,"Mahalanobis",0.612021857923497,5
8,3,"RF",0.761111111111111,5
8,3,"MultinomialLasso",0.755555555555556,5
8,3,"Mahalanobis",0.6,5
8,4,"RF",0.776536312849162,5
8,4,"MultinomialLasso",0.782122905027933,5
8,4,"Mahalanobis",0.547486033519553,5
8,5,"RF",0.820224719101124,5
8,5,"MultinomialLasso",0.752808988764045,5
8,5,"Mahalanobis",0.646067415730337,5
8.2,1,"RF",0.744565217391304,5
8.2,1,"MultinomialLasso",0.75,5
8.2,1,"Mahalanobis",0.66304347826087,5
8.2,2,"RF",0.775956284153005,5
8.2,2,"MultinomialLasso",0.770491803278688,5
8.2,2,"Mahalanobis",0.617486338797814,5
8.2,3,"RF",0.744444444444444,5
8.2,3,"MultinomialLasso",0.761111111111111,5
8.2,3,"Mahalanobis",0.594444444444444,5
8.2,4,"RF",0.787709497206704,5
8.2,4,"MultinomialLasso",0.776536312849162,5
8.2,4,"Mahalanobis",0.547486033519553,5
8.2,5,"RF",0.803370786516854,5
8.2,5,"MultinomialLasso",0.752808988764045,5
8.2,5,"Mahalanobis",0.640449438202247,5
8.4,1,"RF",0.760869565217391,5
8.4,1,"MultinomialLasso",0.744565217391304,5
8.4,1,"Mahalanobis",0.657608695652174,5
8.4,2,"RF",0.792349726775956,5
8.4,2,"MultinomialLasso",0.786885245901639,5
8.4,2,"Mahalanobis",0.617486338797814,5
8.4,3,"RF",0.761111111111111,5
8.4,3,"MultinomialLasso",0.766666666666667,5
8.4,3,"Mahalanobis",0.594444444444444,5
8.4,4,"RF",0.810055865921788,5
8.4,4,"MultinomialLasso",0.776536312849162,5
8.4,4,"Mahalanobis",0.541899441340782,5
8.4,5,"RF",0.831460674157303,5
8.4,5,"MultinomialLasso",0.747191011235955,5
8.4,5,"Mahalanobis",0.646067415730337,5
8.6,1,"RF",0.760869565217391,5
8.6,1,"MultinomialLasso",0.739130434782609,5
8.6,1,"Mahalanobis",0.66304347826087,5
8.6,2,"RF",0.797814207650273,6
8.6,2,"MultinomialLasso",0.786885245901639,6
8.6,2,"Mahalanobis",0.557377049180328,6
8.6,3,"RF",0.766666666666667,5
8.6,3,"MultinomialLasso",0.761111111111111,5
8.6,3,"Mahalanobis",0.583333333333333,5
8.6,4,"RF",0.782122905027933,6
8.6,4,"MultinomialLasso",0.804469273743017,6
8.6,4,"Mahalanobis",0.508379888268156,6
8.6,5,"RF",0.820224719101124,6
8.6,5,"MultinomialLasso",0.780898876404494,6
8.6,5,"Mahalanobis",0.651685393258427,6
8.8,1,"RF",0.728260869565217,6
8.8,1,"MultinomialLasso",0.739130434782609,6
8.8,1,"Mahalanobis",0.646739130434783,6
8.8,2,"RF",0.819672131147541,6
8.8,2,"MultinomialLasso",0.792349726775956,6
8.8,2,"Mahalanobis",0.557377049180328,6
8.8,3,"RF",0.772222222222222,5
8.8,3,"MultinomialLasso",0.766666666666667,5
8.8,3,"Mahalanobis",0.588888888888889,5
8.8,4,"RF",0.787709497206704,6
8.8,4,"MultinomialLasso",0.804469273743017,6
8.8,4,"Mahalanobis",0.508379888268156,6
8.8,5,"RF",0.820224719101124,6
8.8,5,"MultinomialLasso",0.780898876404494,6
8.8,5,"Mahalanobis",0.634831460674157,6
9,1,"RF",0.75,6
9,1,"MultinomialLasso",0.733695652173913,6
9,1,"Mahalanobis",0.635869565217391,6
9,2,"RF",0.792349726775956,6
9,2,"MultinomialLasso",0.797814207650273,6
9,2,"Mahalanobis",0.557377049180328,6
9,3,"RF",0.794444444444444,6
9,3,"MultinomialLasso",0.766666666666667,6
9,3,"Mahalanobis",0.555555555555556,6
9,4,"RF",0.76536312849162,6
9,4,"MultinomialLasso",0.810055865921788,6
9,4,"Mahalanobis",0.497206703910615,6
9,5,"RF",0.808988764044944,6
9,5,"MultinomialLasso",0.780898876404494,6
9,5,"Mahalanobis",0.623595505617977,6
9.2,1,"RF",0.744565217391304,6
9.2,1,"MultinomialLasso",0.733695652173913,6
9.2,1,"Mahalanobis",0.635869565217391,6
9.2,2,"RF",0.792349726775956,6
9.2,2,"MultinomialLasso",0.797814207650273,6
9.2,2,"Mahalanobis",0.562841530054645,6
9.2,3,"RF",0.777777777777778,6
9.2,3,"MultinomialLasso",0.772222222222222,6
9.2,3,"Mahalanobis",0.55,6
9.2,4,"RF",0.787709497206704,6
9.2,4,"MultinomialLasso",0.815642458100559,6
9.2,4,"Mahalanobis",0.497206703910615,6
9.2,5,"RF",0.814606741573034,6
9.2,5,"MultinomialLasso",0.780898876404494,6
9.2,5,"Mahalanobis",0.623595505617977,6
9.4,1,"RF",0.728260869565217,6
9.4,1,"MultinomialLasso",0.739130434782609,6
9.4,1,"Mahalanobis",0.635869565217391,6
9.4,2,"RF",0.797814207650273,6
9.4,2,"MultinomialLasso",0.797814207650273,6
9.4,2,"Mahalanobis",0.562841530054645,6
9.4,3,"RF",0.766666666666667,6
9.4,3,"MultinomialLasso",0.772222222222222,6
9.4,3,"Mahalanobis",0.55,6
9.4,4,"RF",0.770949720670391,6
9.4,4,"MultinomialLasso",0.815642458100559,6
9.4,4,"Mahalanobis",0.508379888268156,6
9.4,5,"RF",0.797752808988764,6
9.4,5,"MultinomialLasso",0.775280898876405,6
9.4,5,"Mahalanobis",0.629213483146067,6
9.6,1,"RF",0.75,6
9.6,1,"MultinomialLasso",0.739130434782609,6
9.6,1,"Mahalanobis",0.641304347826087,6
9.6,2,"RF",0.808743169398907,6
9.6,2,"MultinomialLasso",0.797814207650273,6
9.6,2,"Mahalanobis",0.562841530054645,6
9.6,3,"RF",0.766666666666667,6
9.6,3,"MultinomialLasso",0.777777777777778,6
9.6,3,"Mahalanobis",0.55,6
9.6,4,"RF",0.770949720670391,6
9.6,4,"MultinomialLasso",0.815642458100559,6
9.6,4,"Mahalanobis",0.502793296089385,6
9.6,5,"RF",0.808988764044944,6
9.6,5,"MultinomialLasso",0.780898876404494,6
9.6,5,"Mahalanobis",0.617977528089888,6
9.8,1,"RF",0.728260869565217,6
9.8,1,"MultinomialLasso",0.744565217391304,6
9.8,1,"Mahalanobis",0.641304347826087,6
9.8,2,"RF",0.80327868852459,6
9.8,2,"MultinomialLasso",0.797814207650273,6
9.8,2,"Mahalanobis",0.579234972677596,6
9.8,3,"RF",0.777777777777778,6
9.8,3,"MultinomialLasso",0.766666666666667,6
9.8,3,"Mahalanobis",0.544444444444444,6
9.8,4,"RF",0.793296089385475,6
9.8,4,"MultinomialLasso",0.82122905027933,6
9.8,4,"Mahalanobis",0.491620111731844,6
9.8,5,"RF",0.808988764044944,6
9.8,5,"MultinomialLasso",0.780898876404494,6
9.8,5,"Mahalanobis",0.629213483146067,6
10,1,"RF",0.739130434782609,6
10,1,"MultinomialLasso",0.744565217391304,6
10,1,"Mahalanobis",0.635869565217391,6
10,2,"RF",0.80327868852459,6
10,2,"MultinomialLasso",0.80327868852459,6
10,2,"Mahalanobis",0.59016393442623,6
10,3,"RF",0.761111111111111,6
10,3,"MultinomialLasso",0.755555555555556,6
10,3,"Mahalanobis",0.533333333333333,6
10,4,"RF",0.782122905027933,6
10,4,"MultinomialLasso",0.82122905027933,6
10,4,"Mahalanobis",0.486033519553073,6
10,5,"RF",0.797752808988764,6
10,5,"MultinomialLasso",0.775280898876405,6
10,5,"Mahalanobis",0.617977528089888,6
10.2,1,"RF",0.733695652173913,6
10.2,1,"MultinomialLasso",0.755434782608696,6
10.2,1,"Mahalanobis",0.630434782608696,6
10.2,2,"RF",0.808743169398907,6
10.2,2,"MultinomialLasso",0.80327868852459,6
10.2,2,"Mahalanobis",0.573770491803279,6
10.2,3,"RF",0.783333333333333,6
10.2,3,"MultinomialLasso",0.744444444444444,6
10.2,3,"Mahalanobis",0.533333333333333,6
10.2,4,"RF",0.776536312849162,6
10.2,4,"MultinomialLasso",0.826815642458101,6
10.2,4,"Mahalanobis",0.486033519553073,6
10.2,5,"RF",0.803370786516854,7
10.2,5,"MultinomialLasso",0.775280898876405,7
10.2,5,"Mahalanobis",0.617977528089888,7
10.4,1,"RF",0.75,6
10.4,1,"MultinomialLasso",0.755434782608696,6
10.4,1,"Mahalanobis",0.630434782608696,6
10.4,2,"RF",0.792349726775956,6
10.4,2,"MultinomialLasso",0.808743169398907,6
10.4,2,"Mahalanobis",0.573770491803279,6
10.4,3,"RF",0.788888888888889,6
10.4,3,"MultinomialLasso",0.744444444444444,6
10.4,3,"Mahalanobis",0.538888888888889,6
10.4,4,"RF",0.776536312849162,6
10.4,4,"MultinomialLasso",0.832402234636871,6
10.4,4,"Mahalanobis",0.480446927374302,6
10.4,5,"RF",0.814606741573034,7
10.4,5,"MultinomialLasso",0.769662921348315,7
10.4,5,"Mahalanobis",0.617977528089888,7
10.6,1,"RF",0.75,6
10.6,1,"MultinomialLasso",0.744565217391304,6
10.6,1,"Mahalanobis",0.619565217391304,6
10.6,2,"RF",0.797814207650273,7
10.6,2,"MultinomialLasso",0.797814207650273,7
10.6,2,"Mahalanobis",0.568306010928962,7
10.6,3,"RF",0.766666666666667,7
10.6,3,"MultinomialLasso",0.772222222222222,7
10.6,3,"Mahalanobis",0.544444444444444,7
10.6,4,"RF",0.754189944134078,7
10.6,4,"MultinomialLasso",0.832402234636871,7
10.6,4,"Mahalanobis",0.502793296089385,7
10.6,5,"RF",0.786516853932584,7
10.6,5,"MultinomialLasso",0.769662921348315,7
10.6,5,"Mahalanobis",0.606741573033708,7
10.8,1,"RF",0.739130434782609,7
10.8,1,"MultinomialLasso",0.744565217391304,7
10.8,1,"Mahalanobis",0.614130434782609,7
10.8,2,"RF",0.797814207650273,7
10.8,2,"MultinomialLasso",0.80327868852459,7
10.8,2,"Mahalanobis",0.562841530054645,7
10.8,3,"RF",0.783333333333333,7
10.8,3,"MultinomialLasso",0.772222222222222,7
10.8,3,"Mahalanobis",0.544444444444444,7
10.8,4,"RF",0.776536312849162,7
10.8,4,"MultinomialLasso",0.837988826815642,7
10.8,4,"Mahalanobis",0.502793296089385,7
10.8,5,"RF",0.775280898876405,7
10.8,5,"MultinomialLasso",0.775280898876405,7
10.8,5,"Mahalanobis",0.601123595505618,7
11,1,"RF",0.744565217391304,7
11,1,"MultinomialLasso",0.75,7
11,1,"Mahalanobis",0.619565217391304,7
11,2,"RF",0.786885245901639,7
11,2,"MultinomialLasso",0.797814207650273,7
11,2,"Mahalanobis",0.568306010928962,7
11,3,"RF",0.777777777777778,7
11,3,"MultinomialLasso",0.761111111111111,7
11,3,"Mahalanobis",0.544444444444444,7
11,4,"RF",0.782122905027933,7
11,4,"MultinomialLasso",0.837988826815642,7
11,4,"Mahalanobis",0.502793296089385,7
11,5,"RF",0.803370786516854,7
11,5,"MultinomialLasso",0.775280898876405,7
11,5,"Mahalanobis",0.601123595505618,7
11.2,1,"RF",0.739130434782609,7
11.2,1,"MultinomialLasso",0.75,7
11.2,1,"Mahalanobis",0.619565217391304,7
11.2,2,"RF",0.792349726775956,7
11.2,2,"MultinomialLasso",0.792349726775956,7
11.2,2,"Mahalanobis",0.562841530054645,7
11.2,3,"RF",0.755555555555556,7
11.2,3,"MultinomialLasso",0.783333333333333,7
11.2,3,"Mahalanobis",0.538888888888889,7
11.2,4,"RF",0.776536312849162,7
11.2,4,"MultinomialLasso",0.837988826815642,7
11.2,4,"Mahalanobis",0.508379888268156,7
11.2,5,"RF",0.814606741573034,7
11.2,5,"MultinomialLasso",0.780898876404494,7
11.2,5,"Mahalanobis",0.589887640449438,7
11.4,1,"RF",0.744565217391304,7
11.4,1,"MultinomialLasso",0.75,7
11.4,1,"Mahalanobis",0.619565217391304,7
11.4,2,"RF",0.792349726775956,7
11.4,2,"MultinomialLasso",0.786885245901639,7
11.4,2,"Mahalanobis",0.557377049180328,7
11.4,3,"RF",0.75,7
11.4,3,"MultinomialLasso",0.783333333333333,7
11.4,3,"Mahalanobis",0.533333333333333,7
11.4,4,"RF",0.782122905027933,7
11.4,4,"MultinomialLasso",0.837988826815642,7
11.4,4,"Mahalanobis",0.508379888268156,7
11.4,5,"RF",0.820224719101124,7
11.4,5,"MultinomialLasso",0.780898876404494,7
11.4,5,"Mahalanobis",0.601123595505618,7
11.6,1,"RF",0.728260869565217,7
11.6,1,"MultinomialLasso",0.739130434782609,7
11.6,1,"Mahalanobis",0.614130434782609,7
11.6,2,"RF",0.797814207650273,7
11.6,2,"MultinomialLasso",0.792349726775956,7
11.6,2,"Mahalanobis",0.551912568306011,7
11.6,3,"RF",0.75,7
11.6,3,"MultinomialLasso",0.772222222222222,7
11.6,3,"Mahalanobis",0.538888888888889,7
11.6,4,"RF",0.776536312849162,7
11.6,4,"MultinomialLasso",0.837988826815642,7
11.6,4,"Mahalanobis",0.519553072625698,7
11.6,5,"RF",0.803370786516854,7
11.6,5,"MultinomialLasso",0.780898876404494,7
11.6,5,"Mahalanobis",0.606741573033708,7
11.8,1,"RF",0.717391304347826,7
11.8,1,"MultinomialLasso",0.744565217391304,7
11.8,1,"Mahalanobis",0.614130434782609,7
11.8,2,"RF",0.792349726775956,7
11.8,2,"MultinomialLasso",0.786885245901639,7
11.8,2,"Mahalanobis",0.546448087431694,7
11.8,3,"RF",0.761111111111111,7
11.8,3,"MultinomialLasso",0.777777777777778,7
11.8,3,"Mahalanobis",0.538888888888889,7
11.8,4,"RF",0.798882681564246,7
11.8,4,"MultinomialLasso",0.837988826815642,7
11.8,4,"Mahalanobis",0.525139664804469,7
11.8,5,"RF",0.780898876404494,7
11.8,5,"MultinomialLasso",0.786516853932584,7
11.8,5,"Mahalanobis",0.601123595505618,7
12,1,"RF",0.717391304347826,7
12,1,"MultinomialLasso",0.739130434782609,7
12,1,"Mahalanobis",0.625,7
12,2,"RF",0.786885245901639,7
12,2,"MultinomialLasso",0.786885245901639,7
12,2,"Mahalanobis",0.562841530054645,7
12,3,"RF",0.75,7
12,3,"MultinomialLasso",0.766666666666667,7
12,3,"Mahalanobis",0.533333333333333,7
12,4,"RF",0.787709497206704,7
12,4,"MultinomialLasso",0.837988826815642,7
12,4,"Mahalanobis",0.525139664804469,7
12,5,"RF",0.786516853932584,7
12,5,"MultinomialLasso",0.775280898876405,7
12,5,"Mahalanobis",0.606741573033708,7
12.2,1,"RF",0.722826086956522,7
12.2,1,"MultinomialLasso",0.739130434782609,7
12.2,1,"Mahalanobis",0.630434782608696,7
12.2,2,"RF",0.765027322404372,7
12.2,2,"MultinomialLasso",0.792349726775956,7
12.2,2,"Mahalanobis",0.562841530054645,7
12.2,3,"RF",0.761111111111111,7
12.2,3,"MultinomialLasso",0.761111111111111,7
12.2,3,"Mahalanobis",0.527777777777778,7
12.2,4,"RF",0.810055865921788,7
12.2,4,"MultinomialLasso",0.843575418994413,7
12.2,4,"Mahalanobis",0.519553072625698,7
12.2,5,"RF",0.786516853932584,7
12.2,5,"MultinomialLasso",0.769662921348315,7
12.2,5,"Mahalanobis",0.601123595505618,7
12.4,1,"RF",0.717391304347826,7
12.4,1,"MultinomialLasso",0.744565217391304,7
12.4,1,"Mahalanobis",0.630434782608696,7
12.4,2,"RF",0.770491803278688,7
12.4,2,"MultinomialLasso",0.781420765027322,7
12.4,2,"Mahalanobis",0.562841530054645,7
12.4,3,"RF",0.75,7
12.4,3,"MultinomialLasso",0.761111111111111,7
12.4,3,"Mahalanobis",0.522222222222222,7
12.4,4,"RF",0.787709497206704,7
12.4,4,"MultinomialLasso",0.849162011173184,7
12.4,4,"Mahalanobis",0.513966480446927,7
12.4,5,"RF",0.780898876404494,7
12.4,5,"MultinomialLasso",0.769662921348315,7
12.4,5,"Mahalanobis",0.595505617977528,7
12.6,1,"RF",0.722826086956522,7
12.6,1,"MultinomialLasso",0.755434782608696,7
12.6,1,"Mahalanobis",0.619565217391304,7
12.6,2,"RF",0.754098360655738,7
12.6,2,"MultinomialLasso",0.781420765027322,7
12.6,2,"Mahalanobis",0.557377049180328,7
12.6,3,"RF",0.772222222222222,7
12.6,3,"MultinomialLasso",0.761111111111111,7
12.6,3,"Mahalanobis",0.522222222222222,7
12.6,4,"RF",0.776536312849162,7
12.6,4,"MultinomialLasso",0.849162011173184,7
12.6,4,"Mahalanobis",0.513966480446927,7
12.6,5,"RF",0.775280898876405,7
12.6,5,"MultinomialLasso",0.769662921348315,7
12.6,5,"Mahalanobis",0.584269662921348,7
12.8,1,"RF",0.744565217391304,7
12.8,1,"MultinomialLasso",0.755434782608696,7
12.8,1,"Mahalanobis",0.619565217391304,7
12.8,2,"RF",0.754098360655738,7
12.8,2,"MultinomialLasso",0.786885245901639,7
12.8,2,"Mahalanobis",0.568306010928962,7
12.8,3,"RF",0.761111111111111,7
12.8,3,"MultinomialLasso",0.761111111111111,7
12.8,3,"Mahalanobis",0.527777777777778,7
12.8,4,"RF",0.776536312849162,7
12.8,4,"MultinomialLasso",0.837988826815642,7
12.8,4,"Mahalanobis",0.508379888268156,7
12.8,5,"RF",0.780898876404494,7
12.8,5,"MultinomialLasso",0.775280898876405,7
12.8,5,"Mahalanobis",0.578651685393258,7
13,1,"RF",0.733695652173913,7
13,1,"MultinomialLasso",0.75,7
13,1,"Mahalanobis",0.619565217391304,7
13,2,"RF",0.754098360655738,7
13,2,"MultinomialLasso",0.775956284153005,7
13,2,"Mahalanobis",0.568306010928962,7
13,3,"RF",0.733333333333333,7
13,3,"MultinomialLasso",0.761111111111111,7
13,3,"Mahalanobis",0.527777777777778,7
13,4,"RF",0.793296089385475,7
13,4,"MultinomialLasso",0.832402234636871,7
13,4,"Mahalanobis",0.508379888268156,7
13,5,"RF",0.775280898876405,7
13,5,"MultinomialLasso",0.775280898876405,7
13,5,"Mahalanobis",0.578651685393258,7
13.2,1,"RF",0.728260869565217,7
13.2,1,"MultinomialLasso",0.75,7
13.2,1,"Mahalanobis",0.625,7
13.2,2,"RF",0.770491803278688,7
13.2,2,"MultinomialLasso",0.770491803278688,7
13.2,2,"Mahalanobis",0.568306010928962,7
13.2,3,"RF",0.755555555555556,7
13.2,3,"MultinomialLasso",0.772222222222222,7
13.2,3,"Mahalanobis",0.522222222222222,7
13.2,4,"RF",0.787709497206704,7
13.2,4,"MultinomialLasso",0.832402234636871,7
13.2,4,"Mahalanobis",0.513966480446927,7
13.2,5,"RF",0.758426966292135,8
13.2,5,"MultinomialLasso",0.764044943820225,8
13.2,5,"Mahalanobis",0.595505617977528,8
13.4,1,"RF",0.744565217391304,7
13.4,1,"MultinomialLasso",0.75,7
13.4,1,"Mahalanobis",0.641304347826087,7
13.4,2,"RF",0.770491803278688,7
13.4,2,"MultinomialLasso",0.759562841530055,7
13.4,2,"Mahalanobis",0.568306010928962,7
13.4,3,"RF",0.761111111111111,7
13.4,3,"MultinomialLasso",0.766666666666667,7
13.4,3,"Mahalanobis",0.522222222222222,7
13.4,4,"RF",0.82122905027933,7
13.4,4,"MultinomialLasso",0.826815642458101,7
13.4,4,"Mahalanobis",0.508379888268156,7
13.4,5,"RF",0.764044943820225,8
13.4,5,"MultinomialLasso",0.769662921348315,8
13.4,5,"Mahalanobis",0.595505617977528,8
13.6,1,"RF",0.744565217391304,7
13.6,1,"MultinomialLasso",0.75,7
13.6,1,"Mahalanobis",0.646739130434783,7
13.6,2,"RF",0.781420765027322,7
13.6,2,"MultinomialLasso",0.759562841530055,7
13.6,2,"Mahalanobis",0.568306010928962,7
13.6,3,"RF",0.761111111111111,7
13.6,3,"MultinomialLasso",0.766666666666667,7
13.6,3,"Mahalanobis",0.522222222222222,7
13.6,4,"RF",0.782122905027933,8
13.6,4,"MultinomialLasso",0.804469273743017,8
13.6,4,"Mahalanobis",0.491620111731844,8
13.6,5,"RF",0.752808988764045,8
13.6,5,"MultinomialLasso",0.758426966292135,8
13.6,5,"Mahalanobis",0.595505617977528,8
13.8,1,"RF",0.760869565217391,7
13.8,1,"MultinomialLasso",0.755434782608696,7
13.8,1,"Mahalanobis",0.635869565217391,7
13.8,2,"RF",0.775956284153005,8
13.8,2,"MultinomialLasso",0.759562841530055,8
13.8,2,"Mahalanobis",0.53551912568306,8
13.8,3,"RF",0.755555555555556,8
13.8,3,"MultinomialLasso",0.772222222222222,8
13.8,3,"Mahalanobis",0.533333333333333,8
13.8,4,"RF",0.770949720670391,8
13.8,4,"MultinomialLasso",0.804469273743017,8
13.8,4,"Mahalanobis",0.491620111731844,8
13.8,5,"RF",0.769662921348315,8
13.8,5,"MultinomialLasso",0.758426966292135,8
13.8,5,"Mahalanobis",0.595505617977528,8
14,1,"RF",0.75,8
14,1,"MultinomialLasso",0.728260869565217,8
14,1,"Mahalanobis",0.635869565217391,8
14,2,"RF",0.759562841530055,8
14,2,"MultinomialLasso",0.759562841530055,8
14,2,"Mahalanobis",0.53551912568306,8
14,3,"RF",0.755555555555556,8
14,3,"MultinomialLasso",0.777777777777778,8
14,3,"Mahalanobis",0.516666666666667,8
14,4,"RF",0.782122905027933,8
14,4,"MultinomialLasso",0.810055865921788,8
14,4,"Mahalanobis",0.502793296089385,8
14,5,"RF",0.752808988764045,8
14,5,"MultinomialLasso",0.752808988764045,8
14,5,"Mahalanobis",0.595505617977528,8
14.2,1,"RF",0.75,8
14.2,1,"MultinomialLasso",0.733695652173913,8
14.2,1,"Mahalanobis",0.641304347826087,8
14.2,2,"RF",0.759562841530055,8
14.2,2,"MultinomialLasso",0.748633879781421,8
14.2,2,"Mahalanobis",0.53551912568306,8
14.2,3,"RF",0.755555555555556,8
14.2,3,"MultinomialLasso",0.777777777777778,8
14.2,3,"Mahalanobis",0.522222222222222,8
14.2,4,"RF",0.787709497206704,8
14.2,4,"MultinomialLasso",0.798882681564246,8
14.2,4,"Mahalanobis",0.508379888268156,8
14.2,5,"RF",0.758426966292135,8
14.2,5,"MultinomialLasso",0.752808988764045,8
14.2,5,"Mahalanobis",0.595505617977528,8
14.4,1,"RF",0.760869565217391,8
14.4,1,"MultinomialLasso",0.733695652173913,8
14.4,1,"Mahalanobis",0.630434782608696,8
14.4,2,"RF",0.748633879781421,8
14.4,2,"MultinomialLasso",0.743169398907104,8
14.4,2,"Mahalanobis",0.540983606557377,8
14.4,3,"RF",0.744444444444444,8
14.4,3,"MultinomialLasso",0.772222222222222,8
14.4,3,"Mahalanobis",0.522222222222222,8
14.4,4,"RF",0.793296089385475,8
14.4,4,"MultinomialLasso",0.793296089385475,8
14.4,4,"Mahalanobis",0.508379888268156,8
14.4,5,"RF",0.741573033707865,8
14.4,5,"MultinomialLasso",0.752808988764045,8
14.4,5,"Mahalanobis",0.595505617977528,8
14.6,1,"RF",0.739130434782609,8
14.6,1,"MultinomialLasso",0.733695652173913,8
14.6,1,"Mahalanobis",0.635869565217391,8
14.6,2,"RF",0.759562841530055,8
14.6,2,"MultinomialLasso",0.748633879781421,8
14.6,2,"Mahalanobis",0.530054644808743,8
14.6,3,"RF",0.755555555555556,8
14.6,3,"MultinomialLasso",0.766666666666667,8
14.6,3,"Mahalanobis",0.522222222222222,8
14.6,4,"RF",0.793296089385475,8
14.6,4,"MultinomialLasso",0.787709497206704,8
14.6,4,"Mahalanobis",0.502793296089385,8
14.6,5,"RF",0.764044943820225,8
14.6,5,"MultinomialLasso",0.752808988764045,8
14.6,5,"Mahalanobis",0.606741573033708,8
14.8,1,"RF",0.766304347826087,8
14.8,1,"MultinomialLasso",0.733695652173913,8
14.8,1,"Mahalanobis",0.625,8
14.8,2,"RF",0.759562841530055,8
14.8,2,"MultinomialLasso",0.743169398907104,8
14.8,2,"Mahalanobis",0.530054644808743,8
14.8,3,"RF",0.761111111111111,8
14.8,3,"MultinomialLasso",0.772222222222222,8
14.8,3,"Mahalanobis",0.533333333333333,8
14.8,4,"RF",0.804469273743017,8
14.8,4,"MultinomialLasso",0.793296089385475,8
14.8,4,"Mahalanobis",0.497206703910615,8
14.8,5,"RF",0.769662921348315,8
14.8,5,"MultinomialLasso",0.752808988764045,8
14.8,5,"Mahalanobis",0.612359550561798,8
15,1,"RF",0.75,8
15,1,"MultinomialLasso",0.744565217391304,8
15,1,"Mahalanobis",0.625,8
15,2,"RF",0.759562841530055,8
15,2,"MultinomialLasso",0.743169398907104,8
15,2,"Mahalanobis",0.530054644808743,8
15,3,"RF",0.755555555555556,8
15,3,"MultinomialLasso",0.772222222222222,8
15,3,"Mahalanobis",0.538888888888889,8
15,4,"RF",0.804469273743017,8
15,4,"MultinomialLasso",0.793296089385475,8
15,4,"Mahalanobis",0.497206703910615,8
15,5,"RF",0.780898876404494,8
15,5,"MultinomialLasso",0.764044943820225,8
15,5,"Mahalanobis",0.612359550561798,8
15.2,1,"RF",0.744565217391304,8
15.2,1,"MultinomialLasso",0.739130434782609,8
15.2,1,"Mahalanobis",0.625,8
15.2,2,"RF",0.765027322404372,8
15.2,2,"MultinomialLasso",0.754098360655738,8
15.2,2,"Mahalanobis",0.53551912568306,8
15.2,3,"RF",0.75,8
15.2,3,"MultinomialLasso",0.772222222222222,8
15.2,3,"Mahalanobis",0.538888888888889,8
15.2,4,"RF",0.787709497206704,8
15.2,4,"MultinomialLasso",0.793296089385475,8
15.2,4,"Mahalanobis",0.497206703910615,8
15.2,5,"RF",0.752808988764045,8
15.2,5,"MultinomialLasso",0.764044943820225,8
15.2,5,"Mahalanobis",0.617977528089888,8
15.4,1,"RF",0.744565217391304,8
15.4,1,"MultinomialLasso",0.744565217391304,8
15.4,1,"Mahalanobis",0.619565217391304,8
15.4,2,"RF",0.765027322404372,8
15.4,2,"MultinomialLasso",0.754098360655738,8
15.4,2,"Mahalanobis",0.53551912568306,8
15.4,3,"RF",0.75,8
15.4,3,"MultinomialLasso",0.772222222222222,8
15.4,3,"Mahalanobis",0.544444444444444,8
15.4,4,"RF",0.798882681564246,8
15.4,4,"MultinomialLasso",0.787709497206704,8
15.4,4,"Mahalanobis",0.502793296089385,8
15.4,5,"RF",0.758426966292135,8
15.4,5,"MultinomialLasso",0.764044943820225,8
15.4,5,"Mahalanobis",0.617977528089888,8
15.6,1,"RF",0.733695652173913,8
15.6,1,"MultinomialLasso",0.744565217391304,8
15.6,1,"Mahalanobis",0.619565217391304,8
15.6,2,"RF",0.759562841530055,8
15.6,2,"MultinomialLasso",0.743169398907104,8
15.6,2,"Mahalanobis",0.53551912568306,8
15.6,3,"RF",0.761111111111111,8
15.6,3,"MultinomialLasso",0.777777777777778,8
15.6,3,"Mahalanobis",0.544444444444444,8
15.6,4,"RF",0.810055865921788,8
15.6,4,"MultinomialLasso",0.798882681564246,8
15.6,4,"Mahalanobis",0.502793296089385,8
15.6,5,"RF",0.780898876404494,8
15.6,5,"MultinomialLasso",0.775280898876405,8
15.6,5,"Mahalanobis",0.623595505617977,8
15.8,1,"RF",0.75,8
15.8,1,"MultinomialLasso",0.75,8
15.8,1,"Mahalanobis",0.619565217391304,8
15.8,2,"RF",0.759562841530055,8
15.8,2,"MultinomialLasso",0.737704918032787,8
15.8,2,"Mahalanobis",0.530054644808743,8
15.8,3,"RF",0.777777777777778,8
15.8,3,"MultinomialLasso",0.777777777777778,8
15.8,3,"Mahalanobis",0.544444444444444,8
15.8,4,"RF",0.798882681564246,8
15.8,4,"MultinomialLasso",0.793296089385475,8
15.8,4,"Mahalanobis",0.508379888268156,8
15.8,5,"RF",0.769662921348315,8
15.8,5,"MultinomialLasso",0.769662921348315,8
15.8,5,"Mahalanobis",0.617977528089888,8
16,1,"RF",0.733695652173913,8
16,1,"MultinomialLasso",0.75,8
16,1,"Mahalanobis",0.619565217391304,8
16,2,"RF",0.743169398907104,8
16,2,"MultinomialLasso",0.73224043715847,8
16,2,"Mahalanobis",0.524590163934426,8
16,3,"RF",0.788888888888889,8
16,3,"MultinomialLasso",0.772222222222222,8
16,3,"Mahalanobis",0.55,8
16,4,"RF",0.793296089385475,8
16,4,"MultinomialLasso",0.798882681564246,8
16,4,"Mahalanobis",0.519553072625698,8
16,5,"RF",0.792134831460674,9
16,5,"MultinomialLasso",0.758426966292135,9
16,5,"Mahalanobis",0.595505617977528,9
16.2,1,"RF",0.733695652173913,8
16.2,1,"MultinomialLasso",0.75,8
16.2,1,"Mahalanobis",0.614130434782609,8
16.2,2,"RF",0.748633879781421,8
16.2,2,"MultinomialLasso",0.743169398907104,8
16.2,2,"Mahalanobis",0.524590163934426,8
16.2,3,"RF",0.805555555555556,8
16.2,3,"MultinomialLasso",0.772222222222222,8
16.2,3,"Mahalanobis",0.555555555555556,8
16.2,4,"RF",0.793296089385475,9
16.2,4,"MultinomialLasso",0.82122905027933,9
16.2,4,"Mahalanobis",0.536312849162011,9
16.2,5,"RF",0.769662921348315,9
16.2,5,"MultinomialLasso",0.764044943820225,9
16.2,5,"Mahalanobis",0.601123595505618,9
16.4,1,"RF",0.733695652173913,8
16.4,1,"MultinomialLasso",0.755434782608696,8
16.4,1,"Mahalanobis",0.608695652173913,8
16.4,2,"RF",0.748633879781421,9
16.4,2,"MultinomialLasso",0.781420765027322,9
16.4,2,"Mahalanobis",0.519125683060109,9
16.4,3,"RF",0.772222222222222,9
16.4,3,"MultinomialLasso",0.755555555555556,9
16.4,3,"Mahalanobis",0.55,9
16.4,4,"RF",0.798882681564246,9
16.4,4,"MultinomialLasso",0.826815642458101,9
16.4,4,"Mahalanobis",0.536312849162011,9
16.4,5,"RF",0.792134831460674,9
16.4,5,"MultinomialLasso",0.764044943820225,9
16.4,5,"Mahalanobis",0.601123595505618,9
16.6,1,"RF",0.739130434782609,9
16.6,1,"MultinomialLasso",0.722826086956522,9
16.6,1,"Mahalanobis",0.625,9
16.6,2,"RF",0.781420765027322,9
16.6,2,"MultinomialLasso",0.770491803278688,9
16.6,2,"Mahalanobis",0.524590163934426,9
16.6,3,"RF",0.772222222222222,9
16.6,3,"MultinomialLasso",0.755555555555556,9
16.6,3,"Mahalanobis",0.544444444444444,9
16.6,4,"RF",0.793296089385475,9
16.6,4,"MultinomialLasso",0.826815642458101,9
16.6,4,"Mahalanobis",0.536312849162011,9
16.6,5,"RF",0.792134831460674,9
16.6,5,"MultinomialLasso",0.758426966292135,9
16.6,5,"Mahalanobis",0.606741573033708,9
16.8,1,"RF",0.739130434782609,9
16.8,1,"MultinomialLasso",0.717391304347826,9
16.8,1,"Mahalanobis",0.625,9
16.8,2,"RF",0.781420765027322,9
16.8,2,"MultinomialLasso",0.748633879781421,9
16.8,2,"Mahalanobis",0.530054644808743,9
16.8,3,"RF",0.755555555555556,9
16.8,3,"MultinomialLasso",0.755555555555556,9
16.8,3,"Mahalanobis",0.544444444444444,9
16.8,4,"RF",0.793296089385475,9
16.8,4,"MultinomialLasso",0.82122905027933,9
16.8,4,"Mahalanobis",0.53072625698324,9
16.8,5,"RF",0.797752808988764,9
16.8,5,"MultinomialLasso",0.758426966292135,9
16.8,5,"Mahalanobis",0.606741573033708,9
17,1,"RF",0.722826086956522,9
17,1,"MultinomialLasso",0.717391304347826,9
17,1,"Mahalanobis",0.625,9
17,2,"RF",0.754098360655738,9
17,2,"MultinomialLasso",0.765027322404372,9
17,2,"Mahalanobis",0.530054644808743,9
17,3,"RF",0.755555555555556,9
17,3,"MultinomialLasso",0.755555555555556,9
17,3,"Mahalanobis",0.544444444444444,9
17,4,"RF",0.810055865921788,9
17,4,"MultinomialLasso",0.826815642458101,9
17,4,"Mahalanobis",0.53072625698324,9
17,5,"RF",0.786516853932584,9
17,5,"MultinomialLasso",0.752808988764045,9
17,5,"Mahalanobis",0.606741573033708,9
17.2,1,"RF",0.744565217391304,9
17.2,1,"MultinomialLasso",0.71195652173913,9
17.2,1,"Mahalanobis",0.625,9
17.2,2,"RF",0.759562841530055,9
17.2,2,"MultinomialLasso",0.754098360655738,9
17.2,2,"Mahalanobis",0.53551912568306,9
17.2,3,"RF",0.744444444444444,9
17.2,3,"MultinomialLasso",0.761111111111111,9
17.2,3,"Mahalanobis",0.527777777777778,9
17.2,4,"RF",0.82122905027933,9
17.2,4,"MultinomialLasso",0.837988826815642,9
17.2,4,"Mahalanobis",0.53072625698324,9
17.2,5,"RF",0.775280898876405,9
17.2,5,"MultinomialLasso",0.758426966292135,9
17.2,5,"Mahalanobis",0.606741573033708,9
17.4,1,"RF",0.728260869565217,9
17.4,1,"MultinomialLasso",0.717391304347826,9
17.4,1,"Mahalanobis",0.619565217391304,9
17.4,2,"RF",0.748633879781421,9
17.4,2,"MultinomialLasso",0.754098360655738,9
17.4,2,"Mahalanobis",0.530054644808743,9
17.4,3,"RF",0.755555555555556,9
17.4,3,"MultinomialLasso",0.766666666666667,9
17.4,3,"Mahalanobis",0.533333333333333,9
17.4,4,"RF",0.82122905027933,9
17.4,4,"MultinomialLasso",0.837988826815642,9
17.4,4,"Mahalanobis",0.519553072625698,9
17.4,5,"RF",0.775280898876405,9
17.4,5,"MultinomialLasso",0.764044943820225,9
17.4,5,"Mahalanobis",0.601123595505618,9
17.6,1,"RF",0.717391304347826,9
17.6,1,"MultinomialLasso",0.722826086956522,9
17.6,1,"Mahalanobis",0.625,9
17.6,2,"RF",0.748633879781421,9
17.6,2,"MultinomialLasso",0.754098360655738,9
17.6,2,"Mahalanobis",0.53551912568306,9
17.6,3,"RF",0.75,9
17.6,3,"MultinomialLasso",0.755555555555556,9
17.6,3,"Mahalanobis",0.544444444444444,9
17.6,4,"RF",0.798882681564246,9
17.6,4,"MultinomialLasso",0.826815642458101,9
17.6,4,"Mahalanobis",0.53072625698324,9
17.6,5,"RF",0.797752808988764,9
17.6,5,"MultinomialLasso",0.758426966292135,9
17.6,5,"Mahalanobis",0.606741573033708,9
17.8,1,"RF",0.744565217391304,9
17.8,1,"MultinomialLasso",0.717391304347826,9
17.8,1,"Mahalanobis",0.619565217391304,9
17.8,2,"RF",0.73224043715847,9
17.8,2,"MultinomialLasso",0.759562841530055,9
17.8,2,"Mahalanobis",0.530054644808743,9
17.8,3,"RF",0.738888888888889,9
17.8,3,"MultinomialLasso",0.755555555555556,9
17.8,3,"Mahalanobis",0.538888888888889,9
17.8,4,"RF",0.804469273743017,9
17.8,4,"MultinomialLasso",0.826815642458101,9
17.8,4,"Mahalanobis",0.53072625698324,9
17.8,5,"RF",0.775280898876405,9
17.8,5,"MultinomialLasso",0.758426966292135,9
17.8,5,"Mahalanobis",0.601123595505618,9
18,1,"RF",0.739130434782609,9
18,1,"MultinomialLasso",0.717391304347826,9
18,1,"Mahalanobis",0.630434782608696,9
18,2,"RF",0.748633879781421,9
18,2,"MultinomialLasso",0.754098360655738,9
18,2,"Mahalanobis",0.530054644808743,9
18,3,"RF",0.738888888888889,9
18,3,"MultinomialLasso",0.755555555555556,9
18,3,"Mahalanobis",0.55,9
18,4,"RF",0.82122905027933,9
18,4,"MultinomialLasso",0.826815642458101,9
18,4,"Mahalanobis",0.53072625698324,9
18,5,"RF",0.797752808988764,9
18,5,"MultinomialLasso",0.758426966292135,9
18,5,"Mahalanobis",0.595505617977528,9
18.2,1,"RF",0.75,9
18.2,1,"MultinomialLasso",0.717391304347826,9
18.2,1,"Mahalanobis",0.641304347826087,9
18.2,2,"RF",0.748633879781421,9
18.2,2,"MultinomialLasso",0.754098360655738,9
18.2,2,"Mahalanobis",0.53551912568306,9
18.2,3,"RF",0.744444444444444,9
18.2,3,"MultinomialLasso",0.75,9
18.2,3,"Mahalanobis",0.555555555555556,9
18.2,4,"RF",0.810055865921788,9
18.2,4,"MultinomialLasso",0.82122905027933,9
18.2,4,"Mahalanobis",0.519553072625698,9
18.2,5,"RF",0.797752808988764,10
18.2,5,"MultinomialLasso",0.752808988764045,10
18.2,5,"Mahalanobis",0.612359550561798,10
18.4,1,"RF",0.733695652173913,9
18.4,1,"MultinomialLasso",0.717391304347826,9
18.4,1,"Mahalanobis",0.641304347826087,9
18.4,2,"RF",0.759562841530055,9
18.4,2,"MultinomialLasso",0.754098360655738,9
18.4,2,"Mahalanobis",0.53551912568306,9
18.4,3,"RF",0.733333333333333,9
18.4,3,"MultinomialLasso",0.744444444444444,9
18.4,3,"Mahalanobis",0.555555555555556,9
18.4,4,"RF",0.798882681564246,9
18.4,4,"MultinomialLasso",0.815642458100559,9
18.4,4,"Mahalanobis",0.519553072625698,9
18.4,5,"RF",0.786516853932584,10
18.4,5,"MultinomialLasso",0.752808988764045,10
18.4,5,"Mahalanobis",0.612359550561798,10
18.6,1,"RF",0.739130434782609,9
18.6,1,"MultinomialLasso",0.728260869565217,9
18.6,1,"Mahalanobis",0.646739130434783,9
18.6,2,"RF",0.759562841530055,9
18.6,2,"MultinomialLasso",0.754098360655738,9
18.6,2,"Mahalanobis",0.530054644808743,9
18.6,3,"RF",0.727777777777778,9
18.6,3,"MultinomialLasso",0.75,9
18.6,3,"Mahalanobis",0.561111111111111,9
18.6,4,"RF",0.787709497206704,10
18.6,4,"MultinomialLasso",0.82122905027933,10
18.6,4,"Mahalanobis",0.502793296089385,10
18.6,5,"RF",0.780898876404494,10
18.6,5,"MultinomialLasso",0.752808988764045,10
18.6,5,"Mahalanobis",0.612359550561798,10
18.8,1,"RF",0.755434782608696,9
18.8,1,"MultinomialLasso",0.728260869565217,9
18.8,1,"Mahalanobis",0.641304347826087,9
18.8,2,"RF",0.737704918032787,10
18.8,2,"MultinomialLasso",0.765027322404372,10
18.8,2,"Mahalanobis",0.513661202185792,10
18.8,3,"RF",0.738888888888889,10
18.8,3,"MultinomialLasso",0.755555555555556,10
18.8,3,"Mahalanobis",0.544444444444444,10
18.8,4,"RF",0.782122905027933,10
18.8,4,"MultinomialLasso",0.82122905027933,10
18.8,4,"Mahalanobis",0.508379888268156,10
18.8,5,"RF",0.792134831460674,10
18.8,5,"MultinomialLasso",0.747191011235955,10
18.8,5,"Mahalanobis",0.606741573033708,10
19,1,"RF",0.75,10
19,1,"MultinomialLasso",0.733695652173913,10
19,1,"Mahalanobis",0.641304347826087,10
19,2,"RF",0.726775956284153,10
19,2,"MultinomialLasso",0.775956284153005,10
19,2,"Mahalanobis",0.508196721311475,10
19,3,"RF",0.716666666666667,10
19,3,"MultinomialLasso",0.761111111111111,10
19,3,"Mahalanobis",0.544444444444444,10
19,4,"RF",0.793296089385475,10
19,4,"MultinomialLasso",0.826815642458101,10
19,4,"Mahalanobis",0.508379888268156,10
19,5,"RF",0.775280898876405,10
19,5,"MultinomialLasso",0.747191011235955,10
19,5,"Mahalanobis",0.606741573033708,10
19.2,1,"RF",0.739130434782609,10
19.2,1,"MultinomialLasso",0.733695652173913,10
19.2,1,"Mahalanobis",0.646739130434783,10
19.2,2,"RF",0.737704918032787,10
19.2,2,"MultinomialLasso",0.770491803278688,10
19.2,2,"Mahalanobis",0.502732240437158,10
19.2,3,"RF",0.722222222222222,10
19.2,3,"MultinomialLasso",0.755555555555556,10
19.2,3,"Mahalanobis",0.544444444444444,10
19.2,4,"RF",0.776536312849162,10
19.2,4,"MultinomialLasso",0.815642458100559,10
19.2,4,"Mahalanobis",0.497206703910615,10
19.2,5,"RF",0.786516853932584,10
19.2,5,"MultinomialLasso",0.747191011235955,10
19.2,5,"Mahalanobis",0.601123595505618,10
19.4,1,"RF",0.744565217391304,10
19.4,1,"MultinomialLasso",0.739130434782609,10
19.4,1,"Mahalanobis",0.646739130434783,10
19.4,2,"RF",0.743169398907104,10
19.4,2,"MultinomialLasso",0.770491803278688,10
19.4,2,"Mahalanobis",0.508196721311475,10
19.4,3,"RF",0.738888888888889,10
19.4,3,"MultinomialLasso",0.755555555555556,10
19.4,3,"Mahalanobis",0.538888888888889,10
19.4,4,"RF",0.782122905027933,10
19.4,4,"MultinomialLasso",0.815642458100559,10
19.4,4,"Mahalanobis",0.497206703910615,10
19.4,5,"RF",0.769662921348315,10
19.4,5,"MultinomialLasso",0.747191011235955,10
19.4,5,"Mahalanobis",0.601123595505618,10
19.6,1,"RF",0.739130434782609,10
19.6,1,"MultinomialLasso",0.739130434782609,10
19.6,1,"Mahalanobis",0.652173913043478,10
19.6,2,"RF",0.737704918032787,10
19.6,2,"MultinomialLasso",0.754098360655738,10
19.6,2,"Mahalanobis",0.508196721311475,10
19.6,3,"RF",0.733333333333333,10
19.6,3,"MultinomialLasso",0.744444444444444,10
19.6,3,"Mahalanobis",0.533333333333333,10
19.6,4,"RF",0.810055865921788,10
19.6,4,"MultinomialLasso",0.826815642458101,10
19.6,4,"Mahalanobis",0.497206703910615,10
19.6,5,"RF",0.769662921348315,10
19.6,5,"MultinomialLasso",0.747191011235955,10
19.6,5,"Mahalanobis",0.601123595505618,10
19.8,1,"RF",0.75,10
19.8,1,"MultinomialLasso",0.75,10
19.8,1,"Mahalanobis",0.641304347826087,10
19.8,2,"RF",0.754098360655738,10
19.8,2,"MultinomialLasso",0.754098360655738,10
19.8,2,"Mahalanobis",0.508196721311475,10
19.8,3,"RF",0.733333333333333,10
19.8,3,"MultinomialLasso",0.738888888888889,10
19.8,3,"Mahalanobis",0.527777777777778,10
19.8,4,"RF",0.787709497206704,10
19.8,4,"MultinomialLasso",0.826815642458101,10
19.8,4,"Mahalanobis",0.497206703910615,10
19.8,5,"RF",0.769662921348315,10
19.8,5,"MultinomialLasso",0.747191011235955,10
19.8,5,"Mahalanobis",0.595505617977528,10
20,1,"RF",0.760869565217391,10
20,1,"MultinomialLasso",0.75,10
20,1,"Mahalanobis",0.641304347826087,10
20,2,"RF",0.754098360655738,10
20,2,"MultinomialLasso",0.748633879781421,10
20,2,"Mahalanobis",0.508196721311475,10
20,3,"RF",0.738888888888889,10
20,3,"MultinomialLasso",0.738888888888889,10
20,3,"Mahalanobis",0.533333333333333,10
20,4,"RF",0.798882681564246,10
20,4,"MultinomialLasso",0.810055865921788,10
20,4,"Mahalanobis",0.502793296089385,10
20,5,"RF",0.752808988764045,10
20,5,"MultinomialLasso",0.747191011235955,10
20,5,"Mahalanobis",0.589887640449438,10
