"threshold","ILR1_raw","ILR1_spline","v1_raw","v1_spline"
4.8,1.19246413585541,1.19476359516489,1.03914326429012,0.985962127307725
4.9,1.19246413585541,1.20081236243309,1.03914326429012,1.13730083970175
5,1.21817994366441,1.20568597688059,1.32871824693874,1.29093478372783
5.1,1.24299325386375,1.20781668673939,1.26625747390187,1.43894133429328
5.2,1.16123036785292,1.20563674024148,1.77878054021507,1.57339786630539
5.3,1.183680087725,1.19757838561887,1.75554918397149,1.68638175467147
5.4,1.20543893623662,1.18225752173684,1.84804660528694,1.7706537651439
5.5,1.1175471778879,1.16137480419186,1.74714672949231,1.83045349407607
5.6,1.17733828036197,1.13919051928198,1.76932948227046,1.87954529772468
5.7,1.17733828036197,1.12004243091617,1.73243082785616,1.93198183785923
5.8,1.08291732713588,1.10826830300341,2.14276441435887,2.0018157762492
5.9,1.08291732713588,1.10820123395126,2.25105081818326,2.1030834110789
6,1.10177462549004,1.12180424744724,2.26008581892747,2.24150833926485
6.1,1.15550477558874,1.14482125378947,2.27381928736195,2.40100149868815
6.2,1.17254431772028,1.17198841496993,2.62410024083315,2.5619392928326
6.3,1.17254431772028,1.1980418929806,2.62410024083315,2.70469812518197
6.4,1.23687107898615,1.21771784981344,2.86776942525979,2.80965439922005
6.5,1.23687107898615,1.22622763976852,2.86776942525979,2.85947831646536
6.6,1.26696527094637,1.22345090638043,2.85351364085299,2.85937435032968
6.7,1.183680087725,1.21191696549363,2.79083701581528,2.8273371920665
6.8,1.183680087725,1.19418554526027,2.79083701581528,2.78150833600353
6.9,1.13804446178087,1.17281637383252,2.80616067310093,2.74002927646847
7,1.17924680184767,1.15036002646761,2.76960149921598,2.7209369072736
7.1,1.13804446178087,1.12856963245088,2.76345302565388,2.73315480232356
7.2,1.08925913449892,1.10779335169399,2.76750005254548,2.76955035640312
7.3,1.12616003444716,1.08823633012513,2.73306157287399,2.82135658124334
7.4,1.06354332668991,1.07010371367248,2.6238434428991,2.87980648857525
7.5,1.01265037703928,1.05360064826424,2.97483623245955,2.9361330901299
7.6,1.04362350855479,1.03890319811894,3.03962459648601,2.98297470492435
7.7,1.04362350855479,1.02600795560819,3.05538516029157,3.02164221962513
7.8,1.00912365261538,1.01484311723092,3.19315470580668,3.05675159544181
7.9,1.02773279978917,1.00533674484853,3.23003115138088,3.09292529963624
8,0.980258143468547,0.997416900322409,3.17032171325619,3.13478579947024
8.1,0.989042191598953,0.991010164674972,3.17147908971052,3.18684551384358
8.2,0.989042191598953,0.985994196396381,3.17147908971052,3.24998118984228
8.3,0.996896717751988,0.982187694647013,3.17944370691986,3.32068801939567
8.4,0.956815992863465,0.979405848450402,3.22064559021262,3.39520033905632
8.5,0.97253012358317,0.977463846830083,3.39768829492715,3.4697524853768
8.6,0.965371135057665,0.976176878809588,3.68254131286977,3.54057879490966
8.7,0.994838181272835,0.975392574440284,3.68479465217048,3.60481816097852
8.8,1.00201699198017,0.975088327884858,3.69574291318317,3.66322770399116
8.9,0.946739698902762,0.97527397433383,3.84929611183993,3.71746910112643
9,0.973680358535765,0.975959348977719,3.85301059154893,3.76920402956317
9.1,0.993232943849761,0.977154287007044,3.79489745302483,3.82009416648021
9.2,0.973916336105513,0.978851093353381,3.77164029466058,3.87198808456277
9.3,0.980258143468547,0.980747619380111,3.81686860247612,3.9298736169546
9.4,0.980258143468547,0.982297388466583,3.81583597724879,4.00134345291947
9.5,0.974135968590952,0.982946528414157,4.19612321395094,4.09406912826292
9.6,0.980258143468547,0.982141167024192,4.24295045469816,4.21572217879048
9.7,0.974340897379863,0.979327767704909,4.63675757722273,4.37396241612343
9.8,0.997718457276411,0.974123282150368,4.59998306938921,4.57049376629134
9.9,0.94736352495221,0.966592026001519,4.72386967340115,4.79139181773754
10,0.958499294956928,0.956870805981482,4.72692964311006,5.02019973511046
10.1,0.964485591070684,0.945096428813376,5.30876030931353,5.24046068305856
10.2,0.934622517524419,0.93140570122032,5.40405231483931,5.43571782623024
10.3,0.925647333622831,0.916001182837744,5.58295792919504,5.59116359419743
10.4,0.875662816417372,0.899731389911626,5.86410002284822,5.70819279514025
10.5,0.863307988913409,0.883811476926994,5.83320025849946,5.79739653845213
10.6,0.856370144027294,0.869460806555261,5.87915352525827,5.86947148648161
10.7,0.895392832704304,0.857898741467843,5.94426984223583,5.93511430157722
10.8,0.865339906349492,0.850335003998822,6.07615400806922,6.00497674911191
10.9,0.843774622841851,0.847139402092141,6.09028216171226,6.08579894546059
11,0.837953210158637,0.847201951911127,6.09356765647696,6.17742932124555
11.1,0.827862754301227,0.849262039348279,6.03612564630705,6.27901479184556
11.2,0.849892784707325,0.852059050296095,6.41217359704128,6.38970227263934
11.3,0.858516145010386,0.854332370647075,6.47114255331187,6.50863867900566
11.4,0.875453644168786,0.855026839120735,6.69277560991976,6.63506026888656
11.5,0.855484600040313,0.854355204707035,6.99965420798675,6.76875465965419
11.6,0.855484600040313,0.853013411007628,6.99965420798675,6.90971958915365
11.7,0.845877023145415,0.85169835279466,7.01640360224271,7.05795320885302
11.8,0.854051759061309,0.85110692484028,7.02183820077552,7.21345367022041
11.9,0.826478106588122,0.85192168055413,7.45125968255739,7.37611229865138
12,0.842280033034434,0.854351377221666,7.4985131344399,7.5422912026273
12.1,0.87286238986125,0.858033773436075,7.58356690780028,7.70409923033493
12.2,0.884062768279479,0.862572633449794,7.94133652906514,7.85339201260398
12.3,0.885837190242464,0.867571721515263,8.0062794099568,7.98202518026413
12.4,0.86738258503873,0.872634801884918,8.13056295208444,8.08185436414509
12.5,0.870773990969985,0.877379368088292,8.22827432207705,8.14798684580594
12.6,0.869353768297811,0.881477830763293,8.16722420651137,8.18853650972332
12.7,0.87268133576189,0.884616329824921,8.16715612582788,8.21486889110323
12.8,0.879289858453862,0.886481005188178,8.12844651701433,8.2383495251517
12.9,0.884231952819391,0.886757996768067,8.2320622563667,8.27034394707475
13,0.885837190242464,0.885161974063114,8.36470202589378,8.32164125348332
13.1,0.904528325564204,0.881886814420153,8.50208566337968,8.39334817396181
13.2,0.884327890243212,0.877524026256424,8.46155367382327,8.47853732517579
13.3,0.873852042620678,0.872677153907217,8.56156743632311,8.57003813875859
13.4,0.878479092824946,0.867949741707822,8.69568852465583,8.6606800463435
13.5,0.847452122434189,0.863945013347706,8.7478542566206,8.74329783088396
13.6,0.859044296496052,0.861103304437805,8.74859716399963,8.81344474596132
13.7,0.849423647664947,0.859437529705831,8.79132289660169,8.87380735489516
13.8,0.860828843003915,0.858891344381533,8.98619411477015,8.92822810615393
13.9,0.854160119613384,0.859408403694666,9.03724914949829,8.98054944820607
14,0.859772107651753,0.86093236287498,9.03257727599825,9.03461382952003
14.1,0.870864206175668,0.863380577588544,9.06494149207929,9.0938015463318
14.2,0.869704776883418,0.866412036587769,9.24568396284735,9.15695271134566
14.3,0.87512324616518,0.86953908225796,9.1977207073673,9.22033047641766
14.4,0.87512324616518,0.872272373812341,9.18327122590997,9.28016841566101
14.5,0.876593832721965,0.874122570464139,9.32210823310777,9.33270010318887
14.6,0.861115208009828,0.874603823475221,9.34582045636834,9.37420087505894
14.7,0.871630000736394,0.873534528845351,9.42978382301409,9.40458457674176
14.8,0.874234448547032,0.871269112040774,9.43129723619221,9.43017551218572
14.9,0.866878768286966,0.868216561787762,9.46915398465683,9.4579505157217
15,0.865846974697637,0.864785866812583,9.63539008185453,9.4948864216806
15.1,0.864838589929212,0.861386015841508,9.60490800208953,9.5479600643933
15.2,0.861367385894522,0.858375199966039,9.6205838923003,9.62332027994112
15.3,0.85796133385506,0.855798123022365,9.68472591414345,9.72200608187445
15.4,0.852159073827477,0.853580020335275,9.79228575803032,9.8431091545271
15.5,0.835903029594581,0.851645892055326,9.77931666204647,9.98571734890764
15.6,0.850533346972337,0.84992073833307,9.98311908667108,10.1489185160247
15.7,0.862498214187967,0.84833274084995,10.3516076589444,10.3317163858911
15.8,0.848222321418773,0.846915189641144,10.7464993704568,10.530335580074
15.9,0.839839409728992,0.845828046804913,10.8460998710417,10.7376514582794
16,0.841489946278556,0.845238815846064,11.0639005761518,10.9463399822984
16.1,0.848321949003466,0.845315000269405,11.2441650275573,11.1490771139218
16.2,0.85284021856952,0.846224103579743,11.2805530674934,11.3385388149405
16.3,0.849847119249516,0.848010532434208,11.4228325626928,11.5095590829577
16.4,0.84621600051585,0.850226306099235,11.5162749464011,11.665604058826
16.5,0.847720411935129,0.852300346993581,11.7589503977835,11.8122979192103
16.6,0.847038799599298,0.853661577536003,11.947743848998,11.9552648407754
16.7,0.856971681095632,0.85373892014526,12.0795946008212,12.1001290001862
16.8,0.854132226404916,0.852006804427259,12.1524228581989,12.2519973588345
16.9,0.848585942578004,0.84870403852208,12.5156649708979,12.4072892778218
17,0.843209580665585,0.844703686990716,12.6387885632608,12.5552154303811
17.1,0.853354758727706,0.840898012738738,12.7846809369502,12.6847682895517
17.2,0.841447567759399,0.838179278671718,13.0148096885617,12.7849403283731
17.3,0.8299964152559,0.837438919085795,12.7782634395344,12.8447357164341
17.4,0.841716685471948,0.83914743468608,12.8312725548511,12.8591004703217
17.5,0.831024072995684,0.842670789805943,12.7361252490002,12.838572106719
17.6,0.846313463925356,0.847195969141624,12.5165035971845,12.7962145969385
17.7,0.853835947437114,0.851909957389361,12.5346564019347,12.7450919122924
17.8,0.858741661447056,0.855999739245395,12.8329274427773,12.6982680240931
17.9,0.852566017116437,0.858726679070186,12.8812375480161,12.6674770723644
18,0.856755803584815,0.860082847045504,12.8395556001486,12.6513889345503
18.1,0.872766452437429,0.860475054360816,12.6317944016417,12.6412583488294
18.2,0.869521920202496,0.860314872504102,12.5668301487347,12.6282549441779
18.3,0.863604674113811,0.860013872963338,12.578514285925,12.6035483495718
18.4,0.853651924851511,0.85998186033726,12.5901497430748,12.5583952252139
18.5,0.851337334303054,0.860474698999347,12.3967454687827,12.4916348269273
18.6,0.858202502609507,0.861477035824342,12.4221366531302,12.4154657038228
18.7,0.860965689138172,0.862945910042577,12.3232100409813,12.3434462679276
18.8,0.865339906349492,0.864838360884383,12.2793098311949,12.2891349312688
18.9,0.870313714297973,0.867111427580089,12.2205522168527,12.2660901058733
19,0.869618433787739,0.869664172047419,12.3054831905733,12.2850172503761
19.1,0.87380445324211,0.872037861029535,12.3711433134999,12.3390154027099
19.2,0.878642146783414,0.87363740721958,12.4562120539913,12.4144738770885
19.3,0.872398199613628,0.873867454897209,12.5603105493547,12.4977687796086
19.4,0.875583370680398,0.87213264834208,12.5736422972392,12.5752762163666
19.5,0.861891362784883,0.867863506316671,12.6041983555509,12.6337406755873
19.6,0.8628522809828,0.861345363830638,12.6264389172806,12.6720768995103
19.7,0.853932224485555,0.853893743635484,12.6086322243825,12.7038666965927
19.8,0.838081880303872,0.84688550059013,12.8315154170092,12.7435650773735
19.9,0.850326459533054,0.841697489553496,12.8203160892395,12.8056270523917
20,0.83836253392184,0.839706565384505,12.8976287461881,12.9045076321863
