"repeat_id","fold_id","model","t_end","accuracy_95","accuracy_98","paired_difference_98_minus_95","k_95","k_98"
1,1,"RF",10,0.75,0.771739130434783,0.0217391304347826,6,12
1,1,"MultinomialLasso",10,0.782608695652174,0.782608695652174,0,6,12
1,1,"Mahalanobis",10,0.576086956521739,0.576086956521739,0,6,12
1,2,"RF",10,0.808743169398907,0.80327868852459,-0.00546448087431695,6,13
1,2,"MultinomialLasso",10,0.792349726775956,0.770491803278688,-0.0218579234972678,6,13
1,2,"Mahalanobis",10,0.59016393442623,0.633879781420765,0.0437158469945356,6,13
1,3,"RF",10,0.794444444444444,0.761111111111111,-0.0333333333333333,6,13
1,3,"MultinomialLasso",10,0.816666666666667,0.805555555555556,-0.0111111111111111,6,13
1,3,"Mahalanobis",10,0.538888888888889,0.583333333333333,0.0444444444444445,6,13
1,4,"RF",10,0.748603351955307,0.770949720670391,0.0223463687150838,6,13
1,4,"MultinomialLasso",10,0.770949720670391,0.759776536312849,-0.0111731843575419,6,13
1,4,"Mahalanobis",10,0.569832402234637,0.569832402234637,0,6,13
1,5,"RF",10,0.786516853932584,0.803370786516854,0.0168539325842696,6,13
1,5,"MultinomialLasso",10,0.769662921348315,0.808988764044944,0.0393258426966292,6,13
1,5,"Mahalanobis",10,0.573033707865168,0.657303370786517,0.0842696629213484,6,13
2,1,"RF",10,0.766304347826087,0.766304347826087,0,6,12
2,1,"MultinomialLasso",10,0.771739130434783,0.75,-0.0217391304347826,6,12
2,1,"Mahalanobis",10,0.635869565217391,0.635869565217391,0,6,12
2,2,"RF",10,0.775956284153005,0.792349726775956,0.0163934426229508,6,12
2,2,"MultinomialLasso",10,0.770491803278688,0.765027322404372,-0.00546448087431695,6,12
2,2,"Mahalanobis",10,0.557377049180328,0.628415300546448,0.0710382513661203,6,12
2,3,"RF",10,0.794444444444444,0.788888888888889,-0.00555555555555554,6,13
2,3,"MultinomialLasso",10,0.777777777777778,0.783333333333333,0.00555555555555554,6,13
2,3,"Mahalanobis",10,0.566666666666667,0.616666666666667,0.05,6,13
2,4,"RF",10,0.810055865921788,0.804469273743017,-0.00558659217877089,7,13
2,4,"MultinomialLasso",10,0.787709497206704,0.782122905027933,-0.005586592178771,7,13
2,4,"Mahalanobis",10,0.58659217877095,0.608938547486033,0.0223463687150838,7,13
2,5,"RF",10,0.831460674157303,0.808988764044944,-0.0224719101123596,6,13
2,5,"MultinomialLasso",10,0.820224719101124,0.786516853932584,-0.0337078651685393,6,13
2,5,"Mahalanobis",10,0.556179775280899,0.601123595505618,0.0449438202247191,6,13
3,1,"RF",10,0.842391304347826,0.815217391304348,-0.0271739130434783,6,13
3,1,"MultinomialLasso",10,0.815217391304348,0.804347826086957,-0.0108695652173912,6,13
3,1,"Mahalanobis",10,0.603260869565217,0.635869565217391,0.0326086956521739,6,13
3,2,"RF",10,0.765027322404372,0.765027322404372,0,6,12
3,2,"MultinomialLasso",10,0.73224043715847,0.759562841530055,0.0273224043715846,6,12
3,2,"Mahalanobis",10,0.562841530054645,0.573770491803279,0.0109289617486339,6,12
3,3,"RF",10,0.761111111111111,0.761111111111111,0,6,12
3,3,"MultinomialLasso",10,0.766666666666667,0.75,-0.0166666666666667,6,12
3,3,"Mahalanobis",10,0.544444444444444,0.6,0.0555555555555556,6,12
3,4,"RF",10,0.804469273743017,0.782122905027933,-0.0223463687150839,6,13
3,4,"MultinomialLasso",10,0.770949720670391,0.776536312849162,0.005586592178771,6,13
3,4,"Mahalanobis",10,0.592178770949721,0.58659217877095,-0.005586592178771,6,13
3,5,"RF",10,0.808988764044944,0.831460674157303,0.0224719101123596,6,13
3,5,"MultinomialLasso",10,0.808988764044944,0.780898876404494,-0.0280898876404494,6,13
3,5,"Mahalanobis",10,0.578651685393258,0.634831460674157,0.0561797752808989,6,13
4,1,"RF",10,0.766304347826087,0.804347826086957,0.0380434782608696,6,13
4,1,"MultinomialLasso",10,0.760869565217391,0.766304347826087,0.00543478260869557,6,13
4,1,"Mahalanobis",10,0.58695652173913,0.657608695652174,0.0706521739130435,6,13
4,2,"RF",10,0.80327868852459,0.797814207650273,-0.00546448087431695,6,12
4,2,"MultinomialLasso",10,0.814207650273224,0.775956284153005,-0.0382513661202186,6,12
4,2,"Mahalanobis",10,0.60655737704918,0.617486338797814,0.0109289617486339,6,12
4,3,"RF",10,0.777777777777778,0.777777777777778,0,6,13
4,3,"MultinomialLasso",10,0.766666666666667,0.75,-0.0166666666666667,6,13
4,3,"Mahalanobis",10,0.527777777777778,0.566666666666667,0.0388888888888889,6,13
4,4,"RF",10,0.776536312849162,0.793296089385475,0.0167597765363129,6,13
4,4,"MultinomialLasso",10,0.782122905027933,0.815642458100559,0.0335195530726258,6,13
4,4,"Mahalanobis",10,0.575418994413408,0.603351955307263,0.0279329608938548,6,13
4,5,"RF",10,0.792134831460674,0.792134831460674,0,6,12
4,5,"MultinomialLasso",10,0.764044943820225,0.758426966292135,-0.0056179775280899,6,12
4,5,"Mahalanobis",10,0.556179775280899,0.556179775280899,0,6,12
5,1,"RF",10,0.771739130434783,0.782608695652174,0.0108695652173914,6,12
5,1,"MultinomialLasso",10,0.771739130434783,0.766304347826087,-0.00543478260869568,6,12
5,1,"Mahalanobis",10,0.570652173913043,0.58695652173913,0.016304347826087,6,12
5,2,"RF",10,0.770491803278688,0.759562841530055,-0.0109289617486339,6,12
5,2,"MultinomialLasso",10,0.775956284153005,0.781420765027322,0.00546448087431695,6,12
5,2,"Mahalanobis",10,0.557377049180328,0.60655737704918,0.0491803278688525,6,12
5,3,"RF",10,0.761111111111111,0.783333333333333,0.0222222222222223,6,12
5,3,"MultinomialLasso",10,0.766666666666667,0.772222222222222,0.00555555555555554,6,12
5,3,"Mahalanobis",10,0.544444444444444,0.583333333333333,0.038888888888889,6,12
5,4,"RF",10,0.82122905027933,0.815642458100559,-0.00558659217877089,7,13
5,4,"MultinomialLasso",10,0.793296089385475,0.793296089385475,0,7,13
5,4,"Mahalanobis",10,0.581005586592179,0.608938547486033,0.0279329608938547,7,13
5,5,"RF",10,0.780898876404494,0.797752808988764,0.0168539325842696,6,13
5,5,"MultinomialLasso",10,0.780898876404494,0.752808988764045,-0.0280898876404495,6,13
5,5,"Mahalanobis",10,0.601123595505618,0.573033707865168,-0.0280898876404495,6,13
6,1,"RF",10,0.78804347826087,0.771739130434783,-0.0163043478260869,6,12
6,1,"MultinomialLasso",10,0.782608695652174,0.717391304347826,-0.0652173913043479,6,12
6,1,"Mahalanobis",10,0.581521739130435,0.554347826086957,-0.0271739130434783,6,12
6,2,"RF",10,0.775956284153005,0.743169398907104,-0.0327868852459016,6,12
6,2,"MultinomialLasso",10,0.737704918032787,0.770491803278688,0.0327868852459016,6,12
6,2,"Mahalanobis",10,0.612021857923497,0.628415300546448,0.0163934426229508,6,12
6,3,"RF",10,0.794444444444444,0.777777777777778,-0.0166666666666666,6,13
6,3,"MultinomialLasso",10,0.766666666666667,0.772222222222222,0.00555555555555554,6,13
6,3,"Mahalanobis",10,0.577777777777778,0.65,0.0722222222222223,6,13
6,4,"RF",10,0.76536312849162,0.759776536312849,-0.005586592178771,6,12
6,4,"MultinomialLasso",10,0.759776536312849,0.737430167597765,-0.0223463687150838,6,12
6,4,"Mahalanobis",10,0.486033519553073,0.513966480446927,0.0279329608938548,6,12
6,5,"RF",10,0.825842696629214,0.808988764044944,-0.0168539325842697,7,13
6,5,"MultinomialLasso",10,0.814606741573034,0.808988764044944,-0.0056179775280899,7,13
6,5,"Mahalanobis",10,0.606741573033708,0.612359550561798,0.0056179775280899,7,13
7,1,"RF",10,0.777173913043478,0.798913043478261,0.0217391304347826,7,13
7,1,"MultinomialLasso",10,0.793478260869565,0.809782608695652,0.016304347826087,7,13
7,1,"Mahalanobis",10,0.581521739130435,0.625,0.0434782608695652,7,13
7,2,"RF",10,0.797814207650273,0.770491803278688,-0.0273224043715847,6,13
7,2,"MultinomialLasso",10,0.765027322404372,0.775956284153005,0.0109289617486339,6,13
7,2,"Mahalanobis",10,0.573770491803279,0.650273224043716,0.0765027322404371,6,13
7,3,"RF",10,0.788888888888889,0.783333333333333,-0.00555555555555554,6,12
7,3,"MultinomialLasso",10,0.788888888888889,0.755555555555556,-0.0333333333333333,6,12
7,3,"Mahalanobis",10,0.544444444444444,0.583333333333333,0.038888888888889,6,12
7,4,"RF",10,0.748603351955307,0.776536312849162,0.0279329608938548,6,12
7,4,"MultinomialLasso",10,0.748603351955307,0.76536312849162,0.0167597765363129,6,12
7,4,"Mahalanobis",10,0.575418994413408,0.581005586592179,0.005586592178771,6,12
7,5,"RF",10,0.825842696629214,0.820224719101124,-0.0056179775280899,6,12
7,5,"MultinomialLasso",10,0.808988764044944,0.797752808988764,-0.0112359550561798,6,12
7,5,"Mahalanobis",10,0.629213483146067,0.595505617977528,-0.0337078651685393,6,12
8,1,"RF",10,0.755434782608696,0.755434782608696,0,6,13
8,1,"MultinomialLasso",10,0.744565217391304,0.755434782608696,0.0108695652173914,6,13
8,1,"Mahalanobis",10,0.554347826086957,0.559782608695652,0.00543478260869568,6,13
8,2,"RF",10,0.808743169398907,0.80327868852459,-0.00546448087431695,7,13
8,2,"MultinomialLasso",10,0.792349726775956,0.814207650273224,0.0218579234972678,7,13
8,2,"Mahalanobis",10,0.66120218579235,0.688524590163934,0.0273224043715847,7,13
8,3,"RF",10,0.811111111111111,0.788888888888889,-0.0222222222222223,6,12
8,3,"MultinomialLasso",10,0.755555555555556,0.755555555555556,0,6,12
8,3,"Mahalanobis",10,0.522222222222222,0.577777777777778,0.0555555555555555,6,12
8,4,"RF",10,0.759776536312849,0.776536312849162,0.0167597765363129,6,12
8,4,"MultinomialLasso",10,0.798882681564246,0.787709497206704,-0.0111731843575419,6,12
8,4,"Mahalanobis",10,0.558659217877095,0.553072625698324,-0.00558659217877089,6,12
8,5,"RF",10,0.814606741573034,0.825842696629214,0.0112359550561798,6,12
8,5,"MultinomialLasso",10,0.792134831460674,0.775280898876405,-0.0168539325842697,6,12
8,5,"Mahalanobis",10,0.584269662921348,0.617977528089888,0.0337078651685393,6,12
9,1,"RF",10,0.798913043478261,0.78804347826087,-0.0108695652173914,6,12
9,1,"MultinomialLasso",10,0.78804347826087,0.782608695652174,-0.00543478260869557,6,12
9,1,"Mahalanobis",10,0.532608695652174,0.53804347826087,0.00543478260869557,6,12
9,2,"RF",10,0.786885245901639,0.808743169398907,0.0218579234972678,6,13
9,2,"MultinomialLasso",10,0.765027322404372,0.770491803278688,0.00546448087431695,6,13
9,2,"Mahalanobis",10,0.557377049180328,0.612021857923497,0.0546448087431695,6,13
9,3,"RF",10,0.833333333333333,0.811111111111111,-0.0222222222222223,6,13
9,3,"MultinomialLasso",10,0.794444444444444,0.788888888888889,-0.00555555555555554,6,13
9,3,"Mahalanobis",10,0.577777777777778,0.627777777777778,0.05,6,13
9,4,"RF",10,0.810055865921788,0.810055865921788,0,6,13
9,4,"MultinomialLasso",10,0.793296089385475,0.804469273743017,0.0111731843575419,6,13
9,4,"Mahalanobis",10,0.597765363128492,0.608938547486033,0.0111731843575419,6,13
9,5,"RF",10,0.741573033707865,0.769662921348315,0.0280898876404494,6,12
9,5,"MultinomialLasso",10,0.735955056179775,0.747191011235955,0.0112359550561798,6,12
9,5,"Mahalanobis",10,0.533707865168539,0.634831460674157,0.101123595505618,6,12
10,1,"RF",10,0.83695652173913,0.847826086956522,0.0108695652173912,6,13
10,1,"MultinomialLasso",10,0.809782608695652,0.760869565217391,-0.0489130434782609,6,13
10,1,"Mahalanobis",10,0.576086956521739,0.614130434782609,0.0380434782608695,6,13
10,2,"RF",10,0.765027322404372,0.786885245901639,0.0218579234972678,6,13
10,2,"MultinomialLasso",10,0.775956284153005,0.737704918032787,-0.0382513661202185,6,13
10,2,"Mahalanobis",10,0.53551912568306,0.562841530054645,0.0273224043715846,6,13
10,3,"RF",10,0.761111111111111,0.788888888888889,0.0277777777777778,6,13
10,3,"MultinomialLasso",10,0.794444444444444,0.772222222222222,-0.0222222222222221,6,13
10,3,"Mahalanobis",10,0.6,0.661111111111111,0.0611111111111111,6,13
10,4,"RF",10,0.793296089385475,0.82122905027933,0.0279329608938547,6,12
10,4,"MultinomialLasso",10,0.770949720670391,0.810055865921788,0.0391061452513967,6,12
10,4,"Mahalanobis",10,0.575418994413408,0.592178770949721,0.0167597765363129,6,12
10,5,"RF",10,0.758426966292135,0.775280898876405,0.0168539325842697,6,12
10,5,"MultinomialLasso",10,0.758426966292135,0.786516853932584,0.0280898876404495,6,12
10,5,"Mahalanobis",10,0.573033707865168,0.612359550561798,0.0393258426966293,6,12
11,1,"RF",10,0.826086956521739,0.815217391304348,-0.0108695652173914,6,13
11,1,"MultinomialLasso",10,0.798913043478261,0.771739130434783,-0.0271739130434783,6,13
11,1,"Mahalanobis",10,0.58695652173913,0.58695652173913,0,6,13
11,2,"RF",10,0.726775956284153,0.73224043715847,0.00546448087431695,6,13
11,2,"MultinomialLasso",10,0.743169398907104,0.759562841530055,0.0163934426229507,6,13
11,2,"Mahalanobis",10,0.573770491803279,0.622950819672131,0.0491803278688525,6,13
11,3,"RF",10,0.816666666666667,0.838888888888889,0.0222222222222223,6,13
11,3,"MultinomialLasso",10,0.827777777777778,0.788888888888889,-0.0388888888888889,6,13
11,3,"Mahalanobis",10,0.594444444444444,0.622222222222222,0.0277777777777778,6,13
11,4,"RF",10,0.759776536312849,0.76536312849162,0.005586592178771,6,12
11,4,"MultinomialLasso",10,0.810055865921788,0.804469273743017,-0.00558659217877089,6,12
11,4,"Mahalanobis",10,0.547486033519553,0.58659217877095,0.0391061452513967,6,12
11,5,"RF",10,0.735955056179775,0.758426966292135,0.0224719101123595,6,12
11,5,"MultinomialLasso",10,0.758426966292135,0.797752808988764,0.0393258426966292,6,12
11,5,"Mahalanobis",10,0.544943820224719,0.606741573033708,0.0617977528089888,6,12
12,1,"RF",10,0.78804347826087,0.771739130434783,-0.0163043478260869,6,13
12,1,"MultinomialLasso",10,0.782608695652174,0.771739130434783,-0.0108695652173914,6,13
12,1,"Mahalanobis",10,0.630434782608696,0.652173913043478,0.0217391304347826,6,13
12,2,"RF",10,0.759562841530055,0.748633879781421,-0.0109289617486338,6,12
12,2,"MultinomialLasso",10,0.770491803278688,0.759562841530055,-0.0109289617486339,6,12
12,2,"Mahalanobis",10,0.530054644808743,0.568306010928962,0.0382513661202185,6,12
12,3,"RF",10,0.811111111111111,0.8,-0.0111111111111111,6,13
12,3,"MultinomialLasso",10,0.772222222222222,0.783333333333333,0.0111111111111111,6,13
12,3,"Mahalanobis",10,0.555555555555556,0.611111111111111,0.0555555555555556,6,13
12,4,"RF",10,0.782122905027933,0.770949720670391,-0.0111731843575419,6,13
12,4,"MultinomialLasso",10,0.76536312849162,0.754189944134078,-0.0111731843575419,6,13
12,4,"Mahalanobis",10,0.581005586592179,0.58659217877095,0.00558659217877089,6,13
12,5,"RF",10,0.808988764044944,0.825842696629214,0.0168539325842697,6,13
12,5,"MultinomialLasso",10,0.808988764044944,0.808988764044944,0,6,13
12,5,"Mahalanobis",10,0.584269662921348,0.589887640449438,0.0056179775280899,6,13
13,1,"RF",10,0.809782608695652,0.815217391304348,0.00543478260869557,6,12
13,1,"MultinomialLasso",10,0.755434782608696,0.777173913043478,0.0217391304347826,6,12
13,1,"Mahalanobis",10,0.576086956521739,0.548913043478261,-0.0271739130434783,6,12
13,2,"RF",10,0.748633879781421,0.775956284153005,0.0273224043715846,6,13
13,2,"MultinomialLasso",10,0.792349726775956,0.743169398907104,-0.0491803278688524,6,13
13,2,"Mahalanobis",10,0.60655737704918,0.650273224043716,0.0437158469945355,6,13
13,3,"RF",10,0.794444444444444,0.794444444444444,0,6,13
13,3,"MultinomialLasso",10,0.794444444444444,0.783333333333333,-0.0111111111111111,6,13
13,3,"Mahalanobis",10,0.561111111111111,0.533333333333333,-0.0277777777777778,6,13
13,4,"RF",10,0.754189944134078,0.748603351955307,-0.005586592178771,6,13
13,4,"MultinomialLasso",10,0.759776536312849,0.770949720670391,0.0111731843575419,6,13
13,4,"Mahalanobis",10,0.614525139664804,0.608938547486033,-0.005586592178771,6,13
13,5,"RF",10,0.769662921348315,0.769662921348315,0,6,12
13,5,"MultinomialLasso",10,0.780898876404494,0.758426966292135,-0.0224719101123596,6,12
13,5,"Mahalanobis",10,0.50561797752809,0.561797752808989,0.0561797752808989,6,12
14,1,"RF",10,0.798913043478261,0.782608695652174,-0.0163043478260869,6,13
14,1,"MultinomialLasso",10,0.744565217391304,0.78804347826087,0.0434782608695652,6,13
14,1,"Mahalanobis",10,0.559782608695652,0.597826086956522,0.0380434782608695,6,13
14,2,"RF",10,0.770491803278688,0.765027322404372,-0.00546448087431695,6,13
14,2,"MultinomialLasso",10,0.765027322404372,0.748633879781421,-0.0163934426229507,6,13
14,2,"Mahalanobis",10,0.579234972677596,0.595628415300546,0.0163934426229508,6,13
14,3,"RF",10,0.766666666666667,0.744444444444444,-0.0222222222222223,6,13
14,3,"MultinomialLasso",10,0.772222222222222,0.716666666666667,-0.0555555555555556,6,13
14,3,"Mahalanobis",10,0.627777777777778,0.644444444444444,0.0166666666666667,6,13
14,4,"RF",10,0.849162011173184,0.832402234636871,-0.0167597765363129,7,13
14,4,"MultinomialLasso",10,0.815642458100559,0.793296089385475,-0.0223463687150838,7,13
14,4,"Mahalanobis",10,0.569832402234637,0.64804469273743,0.0782122905027933,7,13
14,5,"RF",10,0.741573033707865,0.752808988764045,0.0112359550561797,6,12
14,5,"MultinomialLasso",10,0.758426966292135,0.769662921348315,0.0112359550561798,6,12
14,5,"Mahalanobis",10,0.539325842696629,0.539325842696629,0,6,12
15,1,"RF",10,0.793478260869565,0.820652173913043,0.0271739130434783,6,13
15,1,"MultinomialLasso",10,0.771739130434783,0.78804347826087,0.0163043478260869,6,13
15,1,"Mahalanobis",10,0.608695652173913,0.641304347826087,0.0326086956521738,6,13
15,2,"RF",10,0.737704918032787,0.737704918032787,0,6,12
15,2,"MultinomialLasso",10,0.797814207650273,0.765027322404372,-0.0327868852459017,6,12
15,2,"Mahalanobis",10,0.573770491803279,0.546448087431694,-0.0273224043715846,6,12
15,3,"RF",10,0.766666666666667,0.733333333333333,-0.0333333333333334,6,12
15,3,"MultinomialLasso",10,0.755555555555556,0.733333333333333,-0.0222222222222223,6,12
15,3,"Mahalanobis",10,0.522222222222222,0.533333333333333,0.0111111111111111,6,12
15,4,"RF",10,0.815642458100559,0.865921787709497,0.0502793296089385,6,13
15,4,"MultinomialLasso",10,0.804469273743017,0.804469273743017,0,6,13
15,4,"Mahalanobis",10,0.625698324022346,0.664804469273743,0.0391061452513967,6,13
15,5,"RF",10,0.831460674157303,0.831460674157303,0,6,12
15,5,"MultinomialLasso",10,0.786516853932584,0.797752808988764,0.0112359550561797,6,12
15,5,"Mahalanobis",10,0.578651685393258,0.612359550561798,0.0337078651685394,6,12
16,1,"RF",10,0.782608695652174,0.760869565217391,-0.0217391304347826,6,13
16,1,"MultinomialLasso",10,0.75,0.771739130434783,0.0217391304347826,6,13
16,1,"Mahalanobis",10,0.510869565217391,0.559782608695652,0.0489130434782609,6,13
16,2,"RF",10,0.80327868852459,0.830601092896175,0.0273224043715847,6,12
16,2,"MultinomialLasso",10,0.797814207650273,0.770491803278688,-0.0273224043715847,6,12
16,2,"Mahalanobis",10,0.601092896174863,0.568306010928962,-0.0327868852459017,6,12
16,3,"RF",10,0.811111111111111,0.805555555555556,-0.00555555555555554,6,12
16,3,"MultinomialLasso",10,0.755555555555556,0.744444444444444,-0.0111111111111111,6,12
16,3,"Mahalanobis",10,0.561111111111111,0.583333333333333,0.0222222222222223,6,12
16,4,"RF",10,0.793296089385475,0.759776536312849,-0.0335195530726258,6,12
16,4,"MultinomialLasso",10,0.793296089385475,0.782122905027933,-0.011173184357542,6,12
16,4,"Mahalanobis",10,0.592178770949721,0.564245810055866,-0.0279329608938548,6,12
16,5,"RF",10,0.747191011235955,0.769662921348315,0.0224719101123595,6,13
16,5,"MultinomialLasso",10,0.797752808988764,0.775280898876405,-0.0224719101123595,6,13
16,5,"Mahalanobis",10,0.567415730337079,0.634831460674157,0.0674157303370786,6,13
17,1,"RF",10,0.744565217391304,0.733695652173913,-0.0108695652173912,6,13
17,1,"MultinomialLasso",10,0.766304347826087,0.733695652173913,-0.0326086956521738,6,13
17,1,"Mahalanobis",10,0.58695652173913,0.641304347826087,0.0543478260869564,6,13
17,2,"RF",10,0.775956284153005,0.759562841530055,-0.0163934426229508,6,12
17,2,"MultinomialLasso",10,0.759562841530055,0.781420765027322,0.0218579234972678,6,12
17,2,"Mahalanobis",10,0.540983606557377,0.59016393442623,0.0491803278688524,6,12
17,3,"RF",10,0.811111111111111,0.811111111111111,0,6,13
17,3,"MultinomialLasso",10,0.788888888888889,0.777777777777778,-0.0111111111111111,6,13
17,3,"Mahalanobis",10,0.6,0.622222222222222,0.0222222222222223,6,13
17,4,"RF",10,0.782122905027933,0.82122905027933,0.0391061452513967,6,12
17,4,"MultinomialLasso",10,0.787709497206704,0.798882681564246,0.0111731843575419,6,12
17,4,"Mahalanobis",10,0.597765363128492,0.614525139664804,0.0167597765363129,6,12
17,5,"RF",10,0.803370786516854,0.786516853932584,-0.0168539325842696,6,12
17,5,"MultinomialLasso",10,0.786516853932584,0.803370786516854,0.0168539325842696,6,12
17,5,"Mahalanobis",10,0.589887640449438,0.584269662921348,-0.0056179775280899,6,12
18,1,"RF",10,0.782608695652174,0.782608695652174,0,6,13
18,1,"MultinomialLasso",10,0.777173913043478,0.771739130434783,-0.00543478260869568,6,13
18,1,"Mahalanobis",10,0.614130434782609,0.679347826086957,0.0652173913043479,6,13
18,2,"RF",10,0.786885245901639,0.814207650273224,0.0273224043715847,6,13
18,2,"MultinomialLasso",10,0.73224043715847,0.765027322404372,0.0327868852459016,6,13
18,2,"Mahalanobis",10,0.622950819672131,0.60655737704918,-0.0163934426229508,6,13
18,3,"RF",10,0.8,0.772222222222222,-0.0277777777777778,6,13
18,3,"MultinomialLasso",10,0.788888888888889,0.811111111111111,0.0222222222222223,6,13
18,3,"Mahalanobis",10,0.577777777777778,0.594444444444444,0.0166666666666667,6,13
18,4,"RF",10,0.815642458100559,0.787709497206704,-0.0279329608938548,6,12
18,4,"MultinomialLasso",10,0.793296089385475,0.76536312849162,-0.0279329608938548,6,12
18,4,"Mahalanobis",10,0.497206703910615,0.536312849162011,0.0391061452513967,6,12
18,5,"RF",10,0.769662921348315,0.775280898876405,0.0056179775280899,6,12
18,5,"MultinomialLasso",10,0.769662921348315,0.775280898876405,0.0056179775280899,6,12
18,5,"Mahalanobis",10,0.573033707865168,0.584269662921348,0.0112359550561798,6,12
19,1,"RF",10,0.760869565217391,0.75,-0.0108695652173914,6,12
19,1,"MultinomialLasso",10,0.75,0.75,0,6,12
19,1,"Mahalanobis",10,0.510869565217391,0.559782608695652,0.0489130434782609,6,12
19,2,"RF",10,0.830601092896175,0.808743169398907,-0.0218579234972678,6,13
19,2,"MultinomialLasso",10,0.80327868852459,0.80327868852459,0,6,13
19,2,"Mahalanobis",10,0.573770491803279,0.595628415300546,0.0218579234972678,6,13
19,3,"RF",10,0.766666666666667,0.783333333333333,0.0166666666666666,6,12
19,3,"MultinomialLasso",10,0.744444444444444,0.744444444444444,0,6,12
19,3,"Mahalanobis",10,0.544444444444444,0.605555555555556,0.0611111111111111,6,12
19,4,"RF",10,0.793296089385475,0.798882681564246,0.00558659217877089,6,13
19,4,"MultinomialLasso",10,0.804469273743017,0.787709497206704,-0.0167597765363129,6,13
19,4,"Mahalanobis",10,0.581005586592179,0.64804469273743,0.0670391061452513,6,13
19,5,"RF",10,0.786516853932584,0.814606741573034,0.0280898876404494,6,12
19,5,"MultinomialLasso",10,0.786516853932584,0.797752808988764,0.0112359550561797,6,12
19,5,"Mahalanobis",10,0.573033707865168,0.606741573033708,0.0337078651685394,6,12
20,1,"RF",10,0.815217391304348,0.798913043478261,-0.0163043478260869,6,13
20,1,"MultinomialLasso",10,0.771739130434783,0.755434782608696,-0.0163043478260869,6,13
20,1,"Mahalanobis",10,0.625,0.635869565217391,0.0108695652173914,6,13
20,2,"RF",10,0.80327868852459,0.797814207650273,-0.00546448087431695,6,13
20,2,"MultinomialLasso",10,0.786885245901639,0.786885245901639,0,6,13
20,2,"Mahalanobis",10,0.519125683060109,0.562841530054645,0.0437158469945355,6,13
20,3,"RF",10,0.738888888888889,0.738888888888889,0,6,13
20,3,"MultinomialLasso",10,0.8,0.811111111111111,0.0111111111111111,6,13
20,3,"Mahalanobis",10,0.6,0.633333333333333,0.0333333333333333,6,13
20,4,"RF",10,0.770949720670391,0.782122905027933,0.0111731843575419,6,12
20,4,"MultinomialLasso",10,0.810055865921788,0.810055865921788,0,6,12
20,4,"Mahalanobis",10,0.597765363128492,0.642458100558659,0.0446927374301677,6,12
20,5,"RF",10,0.764044943820225,0.769662921348315,0.0056179775280899,6,13
20,5,"MultinomialLasso",10,0.769662921348315,0.758426966292135,-0.0112359550561798,6,13
20,5,"Mahalanobis",10,0.533707865168539,0.589887640449438,0.0561797752808989,6,13
