"site_index","site_id","label","threshold","total_atoms","n_non_CON","pct_non_CON","elements_non_CON_present"
1,"12as","AMP",10,447,3,0.671140939597315,"S"
2,"1aer","AMP",10,286,0,0,""
3,"1amu","AMP",10,414,1,0.241545893719807,"S"
4,"1ank","AMP",10,411,4,0.97323600973236,"S"
5,"1c0a","AMP",10,272,2,0.735294117647059,"S"
6,"1cja","AMP",10,357,2,0.560224089635854,"S"
7,"1ct9","AMP",10,436,4,0.91743119266055,"S"
8,"1del","AMP",10,205,0,0,""
9,"1dgs","AMP",10,367,2,0.544959128065395,"S"
10,"1ecj","AMP",10,332,1,0.301204819277108,"S"
11,"1eyj","AMP",10,280,3,1.07142857142857,"S"
12,"1fvi","AMP",10,343,1,0.291545189504373,"S"
13,"1fyd","AMP",10,440,0,0,""
14,"1gts","AMP",10,393,3,0.763358778625954,"S"
15,"1hdi","AMP",10,329,4,1.21580547112462,"S"
16,"1hto","AMP",10,411,2,0.48661800486618,"S"
17,"1j20","AMP",10,441,1,0.226757369614512,"S"
18,"1jp4","AMP",10,389,3,0.77120822622108,"S"
19,"1k9y","AMP",10,412,1,0.242718446601942,"S"
20,"1kht","AMP",10,426,3,0.704225352112676,"S"
21,"1kpf","AMP",10,299,0,0,""
22,"1ktg","AMP",10,285,1,0.350877192982456,"S"
23,"1mb9","AMP",10,404,2,0.495049504950495,"S"
24,"1md9","AMP",10,423,0,0,""
25,"1obd","AMP",10,279,0,0,""
26,"1ore","AMP",10,388,2,0.515463917525773,"S"
27,"1qb8","AMP",10,354,3,0.847457627118644,"S"
28,"1qf6","AMP",10,438,7,1.59817351598174,"S"
29,"1ry2","AMP",10,444,0,0,""
30,"1s68","AMP",10,380,1,0.263157894736842,"S"
31,"1ses","AMP",10,418,2,0.478468899521531,"S"
32,"1tb7","AMP",10,438,4,0.91324200913242,"S"
33,"1u9z","AMP",10,83,0,0,""
34,"1ukz","AMP",10,432,1,0.231481481481481,"S"
35,"1v26","AMP",10,443,0,0,""
36,"1z84","AMP",10,325,4,1.23076923076923,"S"
37,"1zbu","AMP",10,343,3,0.87463556851312,"S"
38,"2a7x","AMP",10,374,2,0.53475935828877,"S"
39,"2art","AMP",10,443,3,0.677200902934537,"S"
40,"2c5s","AMP",10,370,5,1.35135135135135,"S"
41,"2cfm","AMP",10,460,0,0,""
42,"2d1q","AMP",10,400,2,0.5,"S"
43,"2dcl","AMP",10,171,0,0,""
44,"2dsd","AMP",10,282,1,0.354609929078014,"S"
45,"2f17","AMP",10,336,2,0.595238095238095,"S"
46,"2fjb","AMP",10,408,3,0.735294117647059,"S"
47,"2g1u","AMP",10,330,2,0.606060606060606,"S"
48,"2gm3","AMP",10,392,2,0.510204081632653,"S"
49,"2gsu","AMP",10,426,2,0.469483568075117,"S"
50,"2gxq","AMP",10,276,0,0,""
51,"2hbl","AMP",10,300,3,1,"S"
52,"2hcr","AMP",10,226,2,0.884955752212389,"S"
53,"2ivt","AMP",10,388,0,0,""
54,"2j91","AMP",10,120,2,1.66666666666667,"S"
55,"2j9d","AMP",10,213,2,0.938967136150235,"S"
56,"2jgd","AMP",10,354,3,0.847457627118644,"S"
57,"2oox","AMP",10,339,1,0.294985250737463,"S"
58,"2oun","AMP",10,456,7,1.53508771929825,"S"
59,"2ptq","AMP",10,272,0,0,""
60,"8gpb","AMP",10,250,1,0.4,"S"
61,"1a0i","ATP",10,378,1,0.264550264550265,"S"
62,"1a49","ATP",10,486,3,0.617283950617284,"S"
63,"1atn","ATP",10,480,3,0.625,"S"
64,"1ayl","ATP",10,466,1,0.214592274678112,"S"
65,"1b0u","ATP",10,253,1,0.395256916996047,"S"
66,"1b76","ATP",10,451,2,0.443458980044346,"S"
67,"1b8a","ATP",10,441,0,0,""
68,"1bcp","ATP",10,193,3,1.55440414507772,"S"
69,"1dv2","ATP",10,445,2,0.449438202247191,"S"
70,"1dy3","ATP",10,385,3,0.779220779220779,"S"
71,"1e24","ATP",10,433,3,0.69284064665127,"S"
72,"1e2q","ATP",10,333,0,0,""
73,"1e4g","ATP",10,471,0,0,""
74,"1e8x","ATP",10,413,3,0.726392251815981,"S"
75,"1esq","ATP",10,365,0,0,""
76,"1fmw","ATP",10,455,1,0.21978021978022,"S"
77,"1g21","ATP",10,400,1,0.25,"S"
78,"1g5t","ATP",10,233,0,0,""
79,"1gn8","ATP",10,438,1,0.228310502283105,"S"
80,"1h3e","ATP",10,470,4,0.851063829787234,"S"
81,"1hi1","ATP",10,356,1,0.280898876404494,"S"
82,"1i7l","ATP",10,425,1,0.235294117647059,"S"
83,"1ii0","ATP",10,386,1,0.259067357512953,"S"
84,"1j09","ATP",10,368,2,0.543478260869565,"S"
85,"1j7k","ATP",10,435,0,0,""
86,"1ji0","ATP",10,258,0,0,""
87,"1jjv","ATP",10,303,1,0.33003300330033,"S"
88,"1kj8","ATP",10,462,2,0.432900432900433,"S"
89,"1kmn","ATP",10,438,3,0.684931506849315,"S"
90,"1ko5","ATP",10,320,2,0.625,"S"
91,"1kp2","ATP",10,454,3,0.66079295154185,"S"
92,"1kp8","ATP",10,434,3,0.691244239631336,"S"
93,"1kvk","ATP",10,396,2,0.505050505050505,"S"
94,"1lhr","ATP",10,459,5,1.08932461873638,"S"
95,"1m83","ATP",10,492,3,0.609756097560976,"S"
96,"1miw","ATP",10,369,0,0,""
97,"1mjh","ATP",10,430,2,0.465116279069767,"S"
98,"1n5i","ATP",10,178,1,0.561797752808989,"S"
99,"1nsf","ATP",10,402,1,0.248756218905473,"S"
100,"1o9t","ATP",10,221,1,0.452488687782805,"S"
101,"1q97","ATP",10,389,1,0.25706940874036,"S"
102,"1qhg","ATP",10,354,0,0,""
103,"1qhx","ATP",10,369,4,1.0840108401084,"S"
104,"1r0x","ATP",10,327,2,0.611620795107034,"S"
105,"1rdq","ATP",10,481,3,0.623700623700624,"S"
106,"1ryr","ATP",10,302,1,0.33112582781457,"S"
107,"1su2","ATP",10,258,1,0.387596899224806,"S"
108,"1tid","ATP",10,405,0,0,""
109,"1uev","ATP",10,473,1,0.211416490486258,"S"
110,"1uf9","ATP",10,317,0,0,""
111,"1v1b","ATP",10,429,0,0,""
112,"1x01","ATP",10,387,0,0,""
113,"2a5y","ATP",10,472,6,1.27118644067797,"S"
114,"2aqx","ATP",10,437,2,0.45766590389016,"S"
115,"2bu2","ATP",10,391,1,0.255754475703325,"S"
116,"2cg9","ATP",10,481,2,0.415800415800416,"S"
117,"2cja","ATP",10,465,3,0.645161290322581,"S"
118,"2ddo","ATP",10,447,4,0.894854586129754,"S"
119,"2e5y","ATP",10,289,0,0,""
120,"2eww","ATP",10,367,0,0,""
121,"2faq","ATP",10,359,2,0.557103064066852,"S"
122,"2fsg","ATP",10,286,0,0,""
123,"2gbl","ATP",10,323,1,0.309597523219814,"S"
124,"2hmu","ATP",10,320,0,0,""
125,"2ily","ATP",10,358,1,0.279329608938547,"S"
126,"2ixe","ATP",10,267,1,0.374531835205993,"S"
127,"2j3m","ATP",10,489,4,0.81799591002045,"S"
128,"2j9l","ATP",10,306,1,0.326797385620915,"S"
129,"2npi","ATP",10,474,0,0,""
130,"2nt8","ATP",10,259,0,0,""
131,"2nvu","ATP",10,429,3,0.699300699300699,"S"
132,"2nyj","ATP",10,250,0,0,""
133,"2o0h","ATP",10,327,1,0.305810397553517,"S"
134,"2ogx","ATP",10,466,0,0,""
135,"2oh5","ATP",10,192,0,0,""
136,"2p09","ATP",10,245,4,1.63265306122449,"S"
137,"2pbz","ATP",10,415,0,0,""
138,"2q7g","ATP",10,370,5,1.35135135135135,"S"
139,"1a8p","FAD",10,431,2,0.464037122969838,"S"
140,"1b37","FAD",10,809,3,0.370828182941904,"S"
141,"1b5t","FAD",10,538,2,0.371747211895911,"S"
142,"1bf3","FAD",10,711,3,0.421940928270042,"S"
143,"1c0i","FAD",10,750,3,0.4,"S"
144,"1cf3","FAD",10,770,3,0.38961038961039,"S"
145,"1cqx","FAD",10,513,1,0.194931773879142,"S"
146,"1d4c","FAD",10,766,5,0.652741514360313,"S"
147,"1e8g","FAD",10,741,5,0.67476383265857,"S"
148,"1efp","FAD",10,415,1,0.240963855421687,"S"
149,"1el7","FAD",10,777,6,0.772200772200772,"S"
150,"1ep1","FAD",10,470,6,1.27659574468085,"S"
151,"1evi","FAD",10,754,2,0.26525198938992,"S"
152,"1f0x","FAD",10,716,5,0.698324022346369,"S"
153,"1f3p","FAD",10,686,1,0.145772594752187,"S"
154,"1f8r","FAD",10,797,6,0.752823086574655,"S"
155,"1fcd","FAD",10,734,5,0.681198910081744,"S"
156,"1foh","FAD",10,668,6,0.898203592814371,"S"
157,"1gos","FAD",10,769,6,0.780234070221066,"S"
158,"1gt8","FAD",10,730,4,0.547945205479452,"S"
159,"1gv4","FAD",10,733,3,0.409276944065484,"S"
160,"1h69","FAD",10,406,3,0.738916256157635,"S"
161,"1hsk","FAD",10,669,4,0.597907324364723,"S"
162,"1i19","FAD",10,758,8,1.05540897097625,"S"
163,"1i8t","FAD",10,722,3,0.415512465373961,"S"
164,"1iqr","FAD",10,631,2,0.316957210776545,"S"
165,"1is2","FAD",10,455,3,0.659340659340659,"S"
166,"1jqi","FAD",10,442,1,0.226244343891403,"S"
167,"1jr8","FAD",10,482,5,1.03734439834025,"S"
168,"1jsc","FAD",10,564,3,0.531914893617021,"S"
169,"1ju2","FAD",10,832,2,0.240384615384615,"S"
170,"1krh","FAD",10,494,4,0.809716599190283,"S"
171,"1lvl","FAD",10,659,5,0.758725341426404,"S"
172,"1mbb","FAD",10,719,1,0.139082058414465,"S"
173,"1mo9","FAD",10,683,5,0.732064421669107,"S"
174,"1n5w","FAD",10,315,1,0.317460317460317,"S"
175,"1ng4","FAD",10,745,7,0.939597315436242,"S"
176,"1o2b","FAD",10,240,0,0,""
177,"1p3y","FAD",10,330,4,1.21212121212121,"S"
178,"1pj5","FAD",10,751,4,0.532623169107856,"S"
179,"1pox","FAD",10,633,2,0.315955766192733,"S"
180,"1ps9","FAD",10,694,3,0.432276657060519,"S"
181,"1r2j","FAD",10,471,6,1.27388535031847,"S"
182,"1rp4","FAD",10,589,4,0.67911714770798,"S"
183,"1rz1","FAD",10,436,0,0,""
184,"1sez","FAD",10,657,2,0.30441400304414,"S"
185,"1y56","FAD",10,730,6,0.821917808219178,"S"
186,"1yqz","FAD",10,651,2,0.307219662058372,"S"
187,"1z6l","FAD",10,811,5,0.61652281134402,"S"
188,"2axr","FAD",10,725,3,0.413793103448276,"S"
189,"2b3d","FAD",10,415,1,0.240963855421687,"S"
190,"2b9w","FAD",10,759,5,0.658761528326746,"S"
191,"2bra","FAD",10,648,3,0.462962962962963,"S"
192,"2bvf","FAD",10,715,4,0.55944055944056,"S"
193,"2c0u","FAD",10,505,1,0.198019801980198,"S"
194,"2cfa","FAD",10,291,1,0.343642611683849,"S"
195,"2cul","FAD",10,682,4,0.586510263929619,"S"
196,"2cvj","FAD",10,513,1,0.194931773879142,"S"
197,"2cz8","FAD",10,218,0,0,""
198,"2exr","FAD",10,715,0,0,""
199,"2f5v","FAD",10,800,8,1,"S"
200,"2fg9","FAD",10,223,2,0.896860986547085,"S"
201,"2g37","FAD",10,549,1,0.182149362477231,"S"
202,"2gag","FAD",10,753,4,0.531208499335989,"S"
203,"2gj3","FAD",10,455,2,0.43956043956044,"S"
204,"2gmh","FAD",10,816,8,0.980392156862745,"S"
205,"2gpj","FAD",10,544,1,0.183823529411765,"S"
206,"2gqf","FAD",10,688,2,0.290697674418605,"S"
207,"2gv8","FAD",10,752,2,0.265957446808511,"S"
208,"2hq9","FAD",10,302,1,0.33112582781457,"S"
209,"2hti","FAD",10,259,0,0,""
210,"2i0z","FAD",10,694,2,0.288184438040346,"S"
211,"2ipi","FAD",10,660,4,0.606060606060606,"S"
212,"2ivd","FAD",10,687,2,0.291120815138282,"S"
213,"2jae","FAD",10,798,7,0.87719298245614,"S"
214,"2ok7","FAD",10,404,4,0.99009900990099,"S"
215,"2uuu","FAD",10,680,7,1.02941176470588,"S"
216,"3grs","FAD",10,643,5,0.777604976671851,"S"
217,"4o8a","FAD",10,730,3,0.410958904109589,"S"
218,"1ag9","FMN",10,396,3,0.757575757575758,"S"
219,"1bwk","FMN",10,530,1,0.188679245283019,"S"
220,"1d3g","FMN",10,588,0,0,""
221,"1dnl","FMN",10,319,0,0,""
222,"1dor","FMN",10,535,4,0.747663551401869,"S"
223,"1ds7","FMN",10,301,1,0.332225913621262,"S"
224,"1e5d","FMN",10,292,2,0.684931506849315,"S"
225,"1ea0","FMN",10,523,7,1.33843212237094,"S"
226,"1eje","FMN",10,451,2,0.443458980044346,"S"
227,"1f5v","FMN",10,326,1,0.306748466257669,"S"
228,"1fla","FMN",10,298,3,1.00671140939597,"S"
229,"1g28","FMN",10,443,1,0.225733634311512,"S"
230,"1g63","FMN",10,304,4,1.31578947368421,"S"
231,"1he4","FMN",10,293,3,1.02389078498294,"S"
232,"1i0r","FMN",10,440,4,0.909090909090909,"S"
233,"1ja1","FMN",10,425,2,0.470588235294118,"S"
234,"1kbi","FMN",10,527,2,0.379506641366224,"S"
235,"1mvl","FMN",10,289,3,1.03806228373702,"S"
236,"1nfp","FMN",10,237,1,0.421940928270042,"S"
237,"1nni","FMN",10,284,0,0,""
238,"1nox","FMN",10,288,1,0.347222222222222,"S"
239,"1p4c","FMN",10,511,1,0.195694716242661,"S"
240,"1p4m","FMN",10,393,2,0.508905852417303,"S"
241,"1rlj","FMN",10,330,0,0,""
242,"1t0i","FMN",10,312,3,0.961538461538462,"S"
243,"1t57","FMN",10,416,1,0.240384615384615,"S"
244,"1t5b","FMN",10,322,1,0.31055900621118,"S"
245,"1t6y","FMN",10,322,2,0.62111801242236,"S"
246,"1um0","FMN",10,412,3,0.728155339805825,"S"
247,"1usc","FMN",10,474,2,0.421940928270042,"S"
248,"1vhn","FMN",10,430,1,0.232558139534884,"S"
249,"1x77","FMN",10,285,0,0,""
250,"1y30","FMN",10,270,1,0.37037037037037,"S"
251,"1yrh","FMN",10,308,0,0,""
252,"2b67","FMN",10,283,0,0,""
253,"2d37","FMN",10,371,1,0.269541778975741,"S"
254,"2d5m","FMN",10,442,2,0.452488687782805,"S"
255,"2fre","FMN",10,319,0,0,""
256,"2gjl","FMN",10,505,7,1.38613861386139,"S"
257,"2h0u","FMN",10,230,2,0.869565217391304,"S"
258,"2h8x","FMN",10,440,4,0.909090909090909,"S"
259,"2hfn","FMN",10,405,1,0.246913580246914,"S"
260,"2i02","FMN",10,295,0,0,""
261,"2i51","FMN",10,310,1,0.32258064516129,"S"
262,"2i7h","FMN",10,267,2,0.749063670411985,"S"
263,"2ifa","FMN",10,272,0,0,""
264,"2ig6","FMN",10,283,2,0.706713780918728,"S"
265,"2iml","FMN",10,395,0,0,""
266,"2isj","FMN",10,371,1,0.269541778975741,"S"
267,"2iyg","FMN",10,405,2,0.493827160493827,"S"
268,"2jbs","FMN",10,392,2,0.510204081632653,"S"
269,"2ohh","FMN",10,283,4,1.41342756183746,"S"
270,"2ou5","FMN",10,304,0,0,""
271,"2oys","FMN",10,273,0,0,""
272,"2pia","FMN",10,478,6,1.25523012552301,"S"
273,"2ptf","FMN",10,334,0,0,""
274,"2uv8","FMN",10,536,4,0.746268656716418,"S"
275,"1a47","GLC",10,151,0,0,""
276,"1a65","GLC",10,144,0,0,""
277,"1af6","GLC",10,255,0,0,""
278,"1anf","GLC",10,319,2,0.626959247648903,"S"
279,"1b1y","GLC",10,328,3,0.914634146341463,"S"
280,"1b2y","GLC",10,259,1,0.386100386100386,"S"
281,"1bag","GLC",10,181,0,0,""
282,"1bdg","GLC",10,363,2,0.550964187327824,"S"
283,"1bg9","GLC",10,169,1,0.591715976331361,"S"
284,"1c1l","GLC",10,156,0,0,""
285,"1cel","GLC",10,166,0,0,""
286,"1cen","GLC",10,205,1,0.48780487804878,"S"
287,"1cq1","GLC",10,266,0,0,""
288,"1e3z","GLC",10,225,1,0.444444444444444,"S"
289,"1e55","GLC",10,372,1,0.268817204301075,"S"
290,"1ece","GLC",10,194,0,0,""
291,"1elj","GLC",10,286,2,0.699300699300699,"S"
292,"1f9d","GLC",10,267,0,0,""
293,"1ga2","GLC",10,204,1,0.490196078431373,"S"
294,"1geg","GLC",10,134,0,0,""
295,"1gwm","GLC",10,88,0,0,""
296,"1gww","GLC",10,274,2,0.72992700729927,"S"
297,"1hgy","GLC",10,167,1,0.598802395209581,"S"
298,"1i82","GLC",10,180,0,0,""
299,"1ieq","GLC",10,163,0,0,""
300,"1itc","GLC",10,321,3,0.934579439252336,"S"
301,"1j0i","GLC",10,171,1,0.584795321637427,"S"
302,"1jdc","GLC",10,161,0,0,""
303,"1jg9","GLC",10,361,1,0.277008310249307,"S"
304,"1k1w","GLC",10,325,0,0,""
305,"1k3i","GLC",10,205,0,0,""
306,"1k7v","GLC",10,171,5,2.92397660818713,"S"
307,"1kwf","GLC",10,182,0,0,""
308,"1mmu","GLC",10,283,0,0,""
309,"1muy","GLC",10,222,1,0.45045045045045,"S"
310,"1mxd","GLC",10,189,0,0,""
311,"1nf5","GLC",10,222,2,0.900900900900901,"S"
312,"1ofc","GLC",10,95,0,0,""
313,"1ogo","GLC",10,192,0,0,""
314,"1pwb","GLC",10,162,0,0,""
315,"1q33","GLC",10,283,1,0.353356890459364,"S"
316,"1rmg","GLC",10,151,0,0,""
317,"1s5m","GLC",10,366,2,0.546448087431694,"S"
318,"1tyw","GLC",10,200,0,0,""
319,"1u2s","GLC",10,302,0,0,""
320,"1ulc","GLC",10,115,0,0,""
321,"1uoz","GLC",10,302,6,1.98675496688742,"S"
322,"1v2b","GLC",10,224,0,0,""
323,"1w9w","GLC",10,207,1,0.483091787439614,"S"
324,"1woq","GLC",10,291,0,0,""
325,"1ww4","GLC",10,137,0,0,""
326,"1yw1","GLC",10,202,0,0,""
327,"1zm1","GLC",10,185,0,0,""
328,"2a0z","GLC",10,83,0,0,""
329,"2aep","GLC",10,183,1,0.546448087431694,"S"
330,"2b3b","GLC",10,379,2,0.527704485488127,"S"
331,"2bhy","GLC",10,175,0,0,""
332,"2bis","GLC",10,123,0,0,""
333,"2bs5","GLC",10,187,1,0.53475935828877,"S"
334,"2bvl","GLC",10,320,1,0.3125,"S"
335,"2bwa","GLC",10,268,1,0.373134328358209,"S"
336,"2ch6","GLC",10,270,0,0,""
337,"2cn3","GLC",10,134,0,0,""
338,"2dwj","GLC",10,190,0,0,""
339,"2e2o","GLC",10,337,0,0,""
340,"2esr","GLC",10,240,0,0,""
341,"2evs","GLC",10,240,1,0.416666666666667,"S"
342,"2f2e","GLC",10,191,0,0,""
343,"2fh6","GLC",10,247,2,0.809716599190283,"S"
344,"2gbp","GLC",10,380,2,0.526315789473684,"S"
345,"2gdv","GLC",10,333,0,0,""
346,"2gvy","GLC",10,166,0,0,""
347,"2hrl","GLC",10,145,3,2.06896551724138,"S"
348,"2j44","GLC",10,156,0,0,""
349,"2jen","GLC",10,260,1,0.384615384615385,"S"
350,"2nn8","GLC",10,207,1,0.483091787439614,"S"
351,"2osx","GLC",10,287,0,0,""
352,"19hc","HEM",10,370,7,1.89189189189189,"S"
353,"1a7v","HEM",10,495,3,0.606060606060606,"S"
354,"1aj9","HEM",10,455,3,0.659340659340659,"S"
355,"1akd","HEM",10,628,4,0.636942675159236,"S"
356,"1aqa","HEM",10,314,0,0,""
357,"1aqe","HEM",10,345,9,2.60869565217391,"S"
358,"1ash","HEM",10,485,3,0.618556701030928,"S"
359,"1atj","HEM",10,612,4,0.65359477124183,"S"
360,"1b0b","HEM",10,441,3,0.680272108843537,"S"
361,"1b7v","HEM",10,366,3,0.819672131147541,"S"
362,"1bbh","HEM",10,498,6,1.20481927710843,"S"
363,"1bcf","HEM",10,229,1,0.436681222707424,"S"
364,"1bin","HEM",10,436,0,0,""
365,"1bvb","HEM",10,498,4,0.803212851405622,"S"
366,"1c52","HEM",10,530,3,0.566037735849057,"S"
367,"1c6o","HEM",10,456,4,0.87719298245614,"S"
368,"1cc5","HEM",10,436,6,1.37614678899083,"S"
369,"1cch","HEM",10,411,4,0.97323600973236,"S"
370,"1cfm","HEM",10,520,4,0.769230769230769,"S"
371,"1cgn","HEM",10,474,3,0.632911392405063,"S"
372,"1cl6","HEM",10,604,7,1.15894039735099,"S"
373,"1cpq","HEM",10,485,6,1.23711340206186,"S"
374,"1cpt","HEM",10,650,4,0.615384615384615,"S"
375,"1d0c","HEM",10,532,3,0.56390977443609,"S"
376,"1d7c","HEM",10,356,1,0.280898876404494,"S"
377,"1dk0","HEM",10,351,1,0.284900284900285,"S"
378,"1dm1","HEM",10,443,1,0.225733634311512,"S"
379,"1dse","HEM",10,627,4,0.637958532695375,"S"
380,"1dve","HEM",10,484,2,0.413223140495868,"S"
381,"1dw0","HEM",10,504,4,0.793650793650794,"S"
382,"1e9x","HEM",10,564,5,0.886524822695035,"S"
383,"1eca","HEM",10,428,1,0.233644859813084,"S"
384,"1egy","HEM",10,584,3,0.513698630136986,"S"
385,"1eqg","HEM",10,558,1,0.17921146953405,"S"
386,"1etp","HEM",10,502,4,0.796812749003984,"S"
387,"1ew0","HEM",10,525,3,0.571428571428571,"S"
388,"1ew6","HEM",10,460,4,0.869565217391304,"S"
389,"1ezv","HEM",10,577,7,1.21317157712305,"S"
390,"1f4t","HEM",10,629,2,0.317965023847377,"S"
391,"1fft","HEM",10,598,5,0.836120401337793,"S"
392,"1fgj","HEM",10,392,5,1.27551020408163,"S"
393,"1fs7","HEM",10,584,5,0.856164383561644,"S"
394,"1ft9","HEM",10,275,6,2.18181818181818,"S"
395,"1gwe","HEM",10,638,1,0.156739811912226,"S"
396,"1hbg","HEM",10,433,5,1.15473441108545,"S"
397,"1hbi","HEM",10,465,2,0.43010752688172,"S"
398,"1hlb","HEM",10,435,3,0.689655172413793,"S"
399,"1i77","HEM",10,330,6,1.81818181818182,"S"
400,"1idr","HEM",10,488,3,0.614754098360656,"S"
401,"1iqc","HEM",10,623,3,0.481540930979133,"S"
402,"1ith","HEM",10,431,3,0.696055684454756,"S"
403,"1iw0","HEM",10,458,3,0.655021834061135,"S"
404,"1izo","HEM",10,646,5,0.773993808049536,"S"
405,"1j77","HEM",10,467,3,0.642398286937901,"S"
406,"1jju","HEM",10,463,4,0.863930885529158,"S"
407,"1jni","HEM",10,289,5,1.73010380622837,"S"
408,"1kfr","HEM",10,501,3,0.598802395209581,"S"
409,"1kqf","HEM",10,505,2,0.396039603960396,"S"
410,"1kr7","HEM",10,454,2,0.440528634361233,"S"
411,"1kv9","HEM",10,523,3,0.573613766730402,"S"
412,"1lfk","HEM",10,636,9,1.41509433962264,"S"
413,"1lm3","HEM",10,437,2,0.45766590389016,"S"
414,"1mg2","HEM",10,408,7,1.7156862745098,"S"
415,"1mz4","HEM",10,522,4,0.766283524904215,"S"
416,"1n40","HEM",10,618,6,0.970873786407767,"S"
417,"1n97","HEM",10,629,2,0.317965023847377,"S"
418,"1naz","HEM",10,479,1,0.208768267223382,"S"
419,"1ngk","HEM",10,555,4,0.720720720720721,"S"
420,"1np4","HEM",10,526,2,0.380228136882129,"S"
421,"1ntf","HEM",10,464,1,0.21551724137931,"S"
422,"1o9x","HEM",10,441,3,0.680272108843537,"S"
423,"1oj6","HEM",10,440,2,0.454545454545455,"S"
424,"1or4","HEM",10,470,5,1.06382978723404,"S"
425,"1pkf","HEM",10,580,3,0.517241379310345,"S"
426,"1po5","HEM",10,526,3,0.570342205323194,"S"
427,"1pp9","HEM",10,595,4,0.672268907563025,"S"
428,"1q16","HEM",10,444,3,0.675675675675676,"S"
429,"1qhu","HEM",10,404,1,0.247524752475248,"S"
430,"1qpa","HEM",10,606,6,0.99009900990099,"S"
431,"1rwj","HEM",10,352,7,1.98863636363636,"S"
432,"1s5l","HEM",10,172,0,0,""
433,"1sox","HEM",10,413,0,0,""
434,"1tqn","HEM",10,617,6,0.972447325769854,"S"
435,"1v9y","HEM",10,442,0,0,""
436,"1z9n","HEM",10,108,2,1.85185185185185,"S"
437,"2aiu","HEM",10,516,3,0.581395348837209,"S"
438,"2bs2","HEM",10,537,5,0.931098696461825,"S"
439,"2c0k","HEM",10,462,2,0.432900432900433,"S"
440,"2cpo","HEM",10,655,3,0.458015267175573,"S"
441,"2cy3","HEM",10,335,7,2.08955223880597,"S"
442,"2d0t","HEM",10,626,3,0.479233226837061,"S"
443,"2d2m","HEM",10,462,1,0.216450216450216,"S"
444,"2d3q","HEM",10,662,2,0.302114803625378,"S"
445,"2dv1","HEM",10,655,3,0.458015267175573,"S"
446,"2efb","HEM",10,661,2,0.302571860816944,"S"
447,"2fmy","HEM",10,320,2,0.625,"S"
448,"2fr7","HEM",10,660,5,0.757575757575758,"S"
449,"2fw5","HEM",10,342,5,1.46198830409357,"S"
450,"2g5g","HEM",10,199,0,0,""
451,"2gtl","HEM",10,475,0,0,""
452,"2hi4","HEM",10,660,6,0.909090909090909,"S"
453,"2iag","HEM",10,608,5,0.822368421052632,"S"
454,"2ig3","HEM",10,512,2,0.390625,"S"
455,"2iiz","HEM",10,531,1,0.188323917137476,"S"
456,"2itf","HEM",10,120,0,0,""
457,"2ivf","HEM",10,484,5,1.03305785123967,"S"
458,"2j0p","HEM",10,508,3,0.590551181102362,"S"
459,"2nox","HEM",10,573,6,1.04712041884817,"S"
460,"2nwb","HEM",10,628,2,0.318471337579618,"S"
461,"2o09","HEM",10,559,5,0.894454382826476,"S"
462,"2o6p","HEM",10,375,2,0.533333333333333,"S"
463,"2oyy","HEM",10,284,0,0,""
464,"1a9y","NAD",10,608,2,0.328947368421053,"S"
465,"1ad3","NAD",10,443,1,0.225733634311512,"S"
466,"1arz","NAD",10,528,2,0.378787878787879,"S"
467,"1b14","NAD",10,551,2,0.362976406533575,"S"
468,"1b3r","NAD",10,484,5,1.03305785123967,"S"
469,"1b8u","NAD",10,526,3,0.570342205323194,"S"
470,"1bdb","NAD",10,545,1,0.18348623853211,"S"
471,"1bvr","NAD",10,569,6,1.05448154657293,"S"
472,"1bw9","NAD",10,481,5,1.03950103950104,"S"
473,"1bxk","NAD",10,611,2,0.327332242225859,"S"
474,"1cwu","NAD",10,585,2,0.341880341880342,"S"
475,"1dhr","NAD",10,546,7,1.28205128205128,"S"
476,"1dli","NAD",10,549,2,0.364298724954463,"S"
477,"1do8","NAD",10,570,0,0,""
478,"1ebf","NAD",10,450,0,0,""
479,"1ee9","NAD",10,490,4,0.816326530612245,"S"
480,"1ej2","NAD",10,543,3,0.552486187845304,"S"
481,"1f0y","NAD",10,537,3,0.558659217877095,"S"
482,"1fk8","NAD",10,500,3,0.6,"S"
483,"1giq","NAD",10,435,2,0.459770114942529,"S"
484,"1gr0","NAD",10,666,4,0.600600600600601,"S"
485,"1gzf","NAD",10,505,1,0.198019801980198,"S"
486,"1h2h","NAD",10,445,1,0.224719101123595,"S"
487,"1hex","NAD",10,376,0,0,""
488,"1hsz","NAD",10,593,3,0.505902192242833,"S"
489,"1hwy","NAD",10,531,3,0.564971751412429,"S"
490,"1ib0","NAD",10,396,5,1.26262626262626,"S"
491,"1jq5","NAD",10,596,2,0.335570469798658,"S"
492,"1k4m","NAD",10,574,1,0.174216027874564,"S"
493,"1k6x","NAD",10,499,2,0.400801603206413,"S"
494,"1kae","NAD",10,483,0,0,""
495,"1kol","NAD",10,668,3,0.449101796407186,"S"
496,"1kqn","NAD",10,622,4,0.643086816720257,"S"
497,"1kyq","NAD",10,282,1,0.354609929078014,"S"
498,"1lj8","NAD",10,548,3,0.547445255474453,"S"
499,"1llu","NAD",10,604,4,0.662251655629139,"S"
500,"1lss","NAD",10,307,3,0.977198697068404,"S"
501,"1lw7","NAD",10,565,1,0.176991150442478,"S"
502,"1mew","NAD",10,394,3,0.761421319796954,"S"
503,"1mi3","NAD",10,591,2,0.338409475465313,"S"
504,"1muu","NAD",10,411,3,0.72992700729927,"S"
505,"1mx3","NAD",10,535,2,0.373831775700935,"S"
506,"1nfb","NAD",10,370,6,1.62162162162162,"S"
507,"1nvm","NAD",10,590,8,1.35593220338983,"S"
508,"1nxg","NAD",10,333,3,0.900900900900901,"S"
509,"1o04","NAD",10,582,5,0.859106529209622,"S"
510,"1o9b","NAD",10,439,1,0.227790432801822,"S"
511,"1obb","NAD",10,480,3,0.625,"S"
512,"1og3","NAD",10,503,1,0.198807157057654,"S"
513,"1omo","NAD",10,524,2,0.381679389312977,"S"
514,"1orr","NAD",10,637,4,0.627943485086342,"S"
515,"1p9l","NAD",10,486,1,0.205761316872428,"S"
516,"1pjc","NAD",10,508,3,0.590551181102362,"S"
517,"1pjs","NAD",10,282,0,0,""
518,"1qax","NAD",10,358,4,1.11731843575419,"S"
519,"1qrr","NAD",10,669,5,0.747384155455904,"S"
520,"1r37","NAD",10,625,3,0.48,"S"
521,"1rkx","NAD",10,589,2,0.33955857385399,"S"
522,"1rlz","NAD",10,427,0,0,""
523,"1s20","NAD",10,404,1,0.247524752475248,"S"
524,"1s7g","NAD",10,400,0,0,""
525,"1sb8","NAD",10,623,3,0.481540930979133,"S"
526,"1t2d","NAD",10,579,7,1.20898100172712,"S"
527,"1tox","NAD",10,420,0,0,""
528,"1u8x","NAD",10,586,1,0.170648464163823,"S"
529,"1wdk","NAD",10,460,3,0.652173913043478,"S"
530,"1xcb","NAD",10,366,1,0.273224043715847,"S"
531,"1z0z","NAD",10,363,0,0,""
532,"2a5f","NAD",10,479,2,0.417536534446764,"S"
533,"2b69","NAD",10,619,0,0,""
534,"2c54","NAD",10,515,7,1.35922330097087,"S"
535,"2czc","NAD",10,528,1,0.189393939393939,"S"
536,"2d8a","NAD",10,480,1,0.208333333333333,"S"
537,"2fkn","NAD",10,732,3,0.40983606557377,"S"
538,"2g5c","NAD",10,481,0,0,""
539,"2gdz","NAD",10,559,4,0.715563506261181,"S"
540,"2gru","NAD",10,551,0,0,""
541,"2gwl","NAD",10,491,2,0.407331975560081,"S"
542,"2i9p","NAD",10,510,6,1.17647058823529,"S"
543,"2ixa","NAD",10,600,4,0.666666666666667,"S"
544,"2izz","NAD",10,471,4,0.849256900212314,"S"
545,"2nad","NAD",10,616,5,0.811688311688312,"S"
546,"2npx","NAD",10,463,2,0.431965442764579,"S"
547,"2o4c","NAD",10,561,3,0.53475935828877,"S"
548,"2ph5","NAD",10,547,1,0.182815356489945,"S"
549,"2pla","NAD",10,535,3,0.560747663551402,"S"
550,"2pv7","NAD",10,461,0,0,""
551,"2q3e","NAD",10,540,4,0.740740740740741,"S"
552,"2x06","NAD",10,508,2,0.393700787401575,"S"
553,"3cin","NAD",10,641,3,0.46801872074883,"S"
554,"117e","PO4",10,228,0,0,""
555,"1a2y","PO4",10,82,1,1.21951219512195,"S"
556,"1a40","PO4",10,290,0,0,""
557,"1a6q","PO4",10,192,1,0.520833333333333,"S"
558,"1a9x","PO4",10,93,0,0,""
559,"1ag1","PO4",10,217,1,0.460829493087558,"S"
560,"1aka","PO4",10,210,0,0,""
561,"1alh","PO4",10,225,0,0,""
562,"1an5","PO4",10,156,1,0.641025641025641,"S"
563,"1aqz","PO4",10,196,0,0,""
564,"1as2","PO4",10,183,1,0.546448087431694,"S"
565,"1ass","PO4",10,116,1,0.862068965517241,"S"
566,"1atr","PO4",10,246,0,0,""
567,"1avq","PO4",10,250,1,0.4,"S"
568,"1b49","PO4",10,153,2,1.30718954248366,"S"
569,"1b4s","PO4",10,241,0,0,""
570,"1b8o","PO4",10,281,3,1.06761565836299,"S"
571,"1bd3","PO4",10,104,2,1.92307692307692,"S"
572,"1bff","PO4",10,144,1,0.694444444444444,"S"
573,"1bih","PO4",10,147,1,0.680272108843537,"S"
574,"1bjw","PO4",10,191,0,0,""
575,"1bpd","PO4",10,137,1,0.72992700729927,"S"
576,"1bpi","PO4",10,113,2,1.76991150442478,"S"
577,"1brl","PO4",10,160,3,1.875,"S"
578,"1brw","PO4",10,251,1,0.398406374501992,"S"
579,"1bsj","PO4",10,147,1,0.680272108843537,"S"
580,"1bxi","PO4",10,197,0,0,""
581,"1bzq","PO4",10,175,1,0.571428571428571,"S"
582,"1c1s","PO4",10,130,0,0,""
583,"1c8x","PO4",10,236,0,0,""
584,"1c8z","PO4",10,204,1,0.490196078431373,"S"
585,"1c9k","PO4",10,159,1,0.628930817610063,"S"
586,"1cbf","PO4",10,102,1,0.980392156862745,"S"
587,"1cdd","PO4",10,201,1,0.497512437810945,"S"
588,"1cdt","PO4",10,148,5,3.37837837837838,"S"
589,"1cle","PO4",10,213,0,0,""
590,"1cmb","PO4",10,108,1,0.925925925925926,"S"
591,"1cqj","PO4",10,156,1,0.641025641025641,"S"
592,"1crk","PO4",10,179,1,0.558659217877095,"S"
593,"1crx","PO4",10,171,0,0,""
594,"1cu1","PO4",10,185,1,0.540540540540541,"S"
595,"1cy1","PO4",10,126,1,0.793650793650794,"S"
596,"1d0i","PO4",10,264,0,0,""
597,"1d0s","PO4",10,242,1,0.413223140495868,"S"
598,"1d1q","PO4",10,272,3,1.10294117647059,"S"
599,"1d9v","PO4",10,194,0,0,""
600,"1dak","PO4",10,160,2,1.25,"S"
601,"1dgr","PO4",10,163,1,0.613496932515337,"S"
602,"1di0","PO4",10,179,0,0,""
603,"1dk4","PO4",10,257,1,0.389105058365759,"S"
604,"1dks","PO4",10,149,0,0,""
605,"1dpg","PO4",10,207,2,0.966183574879227,"S"
606,"1dxe","PO4",10,232,0,0,""
607,"1e04","PO4",10,128,0,0,""
608,"1e1q","PO4",10,139,1,0.719424460431655,"S"
609,"1e3j","PO4",10,197,3,1.52284263959391,"S"
610,"1e6c","PO4",10,155,3,1.93548387096774,"S"
611,"1e9g","PO4",10,241,0,0,""
612,"1ejd","PO4",10,227,1,0.440528634361233,"S"
613,"1eu3","PO4",10,103,0,0,""
614,"1euc","PO4",10,164,1,0.609756097560976,"S"
615,"1ew2","PO4",10,269,0,0,""
616,"1ex2","PO4",10,191,0,0,""
617,"1eyv","PO4",10,141,0,0,""
618,"1f0i","PO4",10,278,0,0,""
619,"1f2f","PO4",10,176,1,0.568181818181818,"S"
620,"1fb8","PO4",10,161,0,0,""
621,"1fbt","PO4",10,245,2,0.816326530612245,"S"
622,"1fik","PO4",10,123,0,0,""
623,"1fwn","PO4",10,155,2,1.29032258064516,"S"
624,"1fxx","PO4",10,157,0,0,""
625,"1g19","PO4",10,181,0,0,""
626,"1gk0","PO4",10,211,0,0,""
627,"1glf","PO4",10,65,0,0,""
628,"1go7","PO4",10,224,1,0.446428571428571,"S"
629,"1gpm","PO4",10,152,1,0.657894736842105,"S"
630,"1gs4","PO4",10,123,0,0,""
631,"1gyp","PO4",10,236,3,1.27118644067797,"S"
632,"1h2e","PO4",10,301,2,0.664451827242525,"S"
633,"1h53","PO4",10,175,0,0,""
634,"1h54","PO4",10,238,0,0,""
635,"1h6l","PO4",10,206,0,0,""
636,"1h7b","PO4",10,187,3,1.60427807486631,"S"
637,"1h9j","PO4",10,127,0,0,""
638,"1hkq","PO4",10,49,0,0,""
639,"1hn9","PO4",10,100,1,1,"S"
640,"1ho4","PO4",10,244,0,0,""
641,"1ho5","PO4",10,241,0,0,""
642,"1hq0","PO4",10,109,0,0,""
643,"1hru","PO4",10,97,0,0,""
644,"1ia1","PO4",10,182,2,1.0989010989011,"S"
645,"1ie7","PO4",10,264,3,1.13636363636364,"S"
646,"1igs","PO4",10,237,1,0.421940928270042,"S"
647,"1ii7","PO4",10,211,0,0,""
648,"1imd","PO4",10,252,0,0,""
649,"1iug","PO4",10,89,0,0,""
650,"1j70","PO4",10,264,3,1.13636363636364,"S"
651,"1jcm","PO4",10,116,0,0,""
652,"1jds","PO4",10,210,2,0.952380952380952,"S"
653,"1jft","PO4",10,142,0,0,""
654,"1jhg","PO4",10,114,1,0.87719298245614,"S"
655,"1js1","PO4",10,164,2,1.21951219512195,"S"
656,"1jwh","PO4",10,97,0,0,""
657,"1jxz","PO4",10,188,1,0.531914893617021,"S"
658,"1k0g","PO4",10,272,2,0.735294117647059,"S"
659,"1k27","PO4",10,260,3,1.15384615384615,"S"
660,"1k3s","PO4",10,91,0,0,""
661,"1k9s","PO4",10,252,7,2.77777777777778,"S"
662,"1kv8","PO4",10,238,0,0,""
663,"1kxj","PO4",10,255,2,0.784313725490196,"S"
664,"1kyv","PO4",10,100,1,1,"S"
665,"1l3p","PO4",10,132,0,0,""
666,"1l5w","PO4",10,237,2,0.843881856540084,"S"
667,"1l7m","PO4",10,287,0,0,""
668,"1l8o","PO4",10,246,1,0.40650406504065,"S"
669,"1lby","PO4",10,247,0,0,""
670,"1lc0","PO4",10,168,1,0.595238095238095,"S"
671,"1lkc","PO4",10,197,2,1.01522842639594,"S"
672,"1lqk","PO4",10,197,1,0.50761421319797,"S"
673,"1lw3","PO4",10,265,1,0.377358490566038,"S"
674,"1lyv","PO4",10,274,2,0.72992700729927,"S"
675,"1m1f","PO4",10,103,0,0,""
676,"1m32","PO4",10,144,0,0,""
677,"1maa","PO4",10,165,1,0.606060606060606,"S"
678,"1mec","PO4",10,159,0,0,""
679,"1mh9","PO4",10,250,3,1.2,"S"
680,"1mky","PO4",10,167,1,0.598802395209581,"S"
681,"1mpu","PO4",10,123,0,0,""
682,"1mq4","PO4",10,178,3,1.68539325842697,"S"
683,"1mzh","PO4",10,183,1,0.546448087431694,"S"
684,"1nd6","PO4",10,265,1,0.377358490566038,"S"
685,"1nel","PO4",10,259,0,0,""
686,"1nep","PO4",10,130,2,1.53846153846154,"S"
687,"1npl","PO4",10,90,0,0,""
688,"1nrw","PO4",10,285,0,0,""
689,"1nsj","PO4",10,227,1,0.440528634361233,"S"
690,"1nx6","PO4",10,206,2,0.970873786407767,"S"
691,"1ny5","PO4",10,133,1,0.75187969924812,"S"
692,"1o58","PO4",10,275,5,1.81818181818182,"S"
693,"1o83","PO4",10,114,0,0,""
694,"1ojr","PO4",10,215,0,0,""
695,"1ooy","PO4",10,180,1,0.555555555555556,"S"
696,"1oz0","PO4",10,189,1,0.529100529100529,"S"
697,"1ozf","PO4",10,279,0,0,""
698,"1p0k","PO4",10,165,2,1.21212121212121,"S"
699,"1p1j","PO4",10,267,1,0.374531835205993,"S"
700,"1p35","PO4",10,130,1,0.769230769230769,"S"
701,"1p49","PO4",10,97,2,2.06185567010309,"S"
702,"1pie","PO4",10,251,2,0.796812749003984,"S"
703,"1pt7","PO4",10,152,1,0.657894736842105,"S"
704,"1ptm","PO4",10,222,0,0,""
705,"1pvw","PO4",10,258,2,0.775193798449612,"S"
706,"1q08","PO4",10,132,3,2.27272727272727,"S"
707,"1q3f","PO4",10,151,0,0,""
708,"1qf5","PO4",10,253,0,0,""
709,"1qfc","PO4",10,216,0,0,""
710,"1qhb","PO4",10,281,1,0.355871886120996,"S"
711,"1qlm","PO4",10,242,4,1.65289256198347,"S"
712,"1qwt","PO4",10,112,2,1.78571428571429,"S"
713,"1rer","PO4",10,82,1,1.21951219512195,"S"
714,"1rkd","PO4",10,155,0,0,""
715,"1rkv","PO4",10,224,3,1.33928571428571,"S"
716,"1rli","PO4",10,212,0,0,""
717,"1rn4","PO4",10,193,0,0,""
718,"1rv3","PO4",10,176,1,0.568181818181818,"S"
719,"1rw9","PO4",10,242,0,0,""
720,"1rxc","PO4",10,225,3,1.33333333333333,"S"
721,"1s96","PO4",10,164,0,0,""
722,"1sb7","PO4",10,227,0,0,""
723,"1sf3","PO4",10,84,1,1.19047619047619,"S"
724,"1sfs","PO4",10,130,0,0,""
725,"1tco","PO4",10,244,2,0.819672131147541,"S"
726,"1tg7","PO4",10,215,0,0,""
727,"1uam","PO4",10,115,2,1.73913043478261,"S"
728,"1udn","PO4",10,231,3,1.2987012987013,"S"
729,"1uu0","PO4",10,247,1,0.404858299595142,"S"
730,"1uw3","PO4",10,104,0,0,""
731,"1uwg","PO4",10,153,0,0,""
732,"1uwv","PO4",10,119,0,0,""
733,"1v04","PO4",10,278,1,0.359712230215827,"S"
734,"1v2i","PO4",10,219,2,0.91324200913242,"S"
735,"1v2x","PO4",10,132,0,0,""
736,"1v33","PO4",10,232,0,0,""
737,"1v9f","PO4",10,200,1,0.5,"S"
738,"1vdr","PO4",10,124,1,0.806451612903226,"S"
739,"1vj5","PO4",10,253,3,1.18577075098814,"S"
740,"1vkf","PO4",10,173,0,0,""
741,"1vkk","PO4",10,144,2,1.38888888888889,"S"
742,"1vl8","PO4",10,98,0,0,""
743,"1vlp","PO4",10,212,0,0,""
744,"1vlv","PO4",10,232,2,0.862068965517241,"S"
745,"1vqv","PO4",10,113,0,0,""
746,"1wa6","PO4",10,241,0,0,""
747,"1wbh","PO4",10,174,1,0.574712643678161,"S"
748,"1wcf","PO4",10,237,1,0.421940928270042,"S"
749,"1wvq","PO4",10,84,0,0,""
750,"1wxx","PO4",10,73,0,0,""
751,"1wzc","PO4",10,284,3,1.05633802816901,"S"
752,"1x86","PO4",10,183,3,1.63934426229508,"S"
753,"1xjo","PO4",10,210,0,0,""
754,"1y89","PO4",10,208,0,0,""
755,"1yb0","PO4",10,208,2,0.961538461538462,"S"
756,"1yr9","PO4",10,138,0,0,""
757,"1yrr","PO4",10,234,0,0,""
758,"1ywf","PO4",10,310,2,0.645161290322581,"S"
759,"1z5g","PO4",10,265,1,0.377358490566038,"S"
760,"1z6a","PO4",10,122,0,0,""
761,"1z7m","PO4",10,119,1,0.840336134453782,"S"
762,"1zc0","PO4",10,257,3,1.16731517509728,"S"
763,"1zcn","PO4",10,159,2,1.25786163522013,"S"
764,"1zui","PO4",10,211,3,1.4218009478673,"S"
765,"1zwk","PO4",10,202,1,0.495049504950495,"S"
766,"1zwx","PO4",10,240,0,0,""
767,"2a3l","PO4",10,134,0,0,""
768,"2a96","PO4",10,264,1,0.378787878787879,"S"
769,"2acx","PO4",10,154,1,0.649350649350649,"S"
770,"2aml","PO4",10,239,0,0,""
771,"2an4","PO4",10,122,0,0,""
772,"2ark","PO4",10,186,0,0,""
773,"2b44","PO4",10,259,1,0.386100386100386,"S"
774,"2c1w","PO4",10,198,1,0.505050505050505,"S"
775,"2c30","PO4",10,116,0,0,""
776,"2c4n","PO4",10,226,0,0,""
777,"2c6p","PO4",10,263,0,0,""
778,"2c91","PO4",10,110,0,0,""
779,"2ccl","PO4",10,81,0,0,""
780,"2chp","PO4",10,83,0,0,""
781,"2ck3","PO4",10,139,1,0.719424460431655,"S"
782,"2cm6","PO4",10,115,0,0,""
783,"2cmw","PO4",10,156,0,0,""
784,"2cns","PO4",10,195,0,0,""
785,"2cx7","PO4",10,94,0,0,""
786,"2cxn","PO4",10,215,0,0,""
787,"2d0d","PO4",10,91,0,0,""
788,"2dc6","PO4",10,104,0,0,""
789,"2dj5","PO4",10,76,0,0,""
790,"2dkc","PO4",10,216,0,0,""
791,"2dql","PO4",10,154,1,0.649350649350649,"S"
792,"2dxq","PO4",10,194,1,0.515463917525773,"S"
793,"2e5f","PO4",10,252,3,1.19047619047619,"S"
794,"2ehh","PO4",10,124,0,0,""
795,"2ez2","PO4",10,235,3,1.27659574468085,"S"
796,"2f10","PO4",10,119,0,0,""
797,"2f6d","PO4",10,204,0,0,""
798,"2f6s","PO4",10,207,0,0,""
799,"2f7m","PO4",10,177,0,0,""
800,"2f7o","PO4",10,233,0,0,""
801,"2f84","PO4",10,176,1,0.568181818181818,"S"
802,"2f8m","PO4",10,200,0,0,""
803,"2fb1","PO4",10,247,1,0.404858299595142,"S"
804,"2ffi","PO4",10,262,0,0,""
805,"2fn0","PO4",10,297,0,0,""
806,"2fn6","PO4",10,203,1,0.492610837438424,"S"
807,"2for","PO4",10,178,0,0,""
808,"2fuq","PO4",10,215,0,0,""
809,"2fwr","PO4",10,161,1,0.62111801242236,"S"
810,"2g09","PO4",10,242,1,0.413223140495868,"S"
811,"2g0t","PO4",10,203,1,0.492610837438424,"S"
812,"2g25","PO4",10,241,0,0,""
813,"2g8s","PO4",10,133,0,0,""
814,"2gax","PO4",10,120,0,0,""
815,"2gd9","PO4",10,193,0,0,""
816,"2gfh","PO4",10,238,2,0.840336134453782,"S"
817,"2gju","PO4",10,125,1,0.8,"S"
818,"2gk6","PO4",10,250,1,0.4,"S"
819,"2gte","PO4",10,116,0,0,""
820,"2gvg","PO4",10,148,0,0,""
821,"2h5f","PO4",10,77,2,2.5974025974026,"S"
822,"2hdo","PO4",10,247,0,0,""
823,"2hek","PO4",10,236,0,0,""
824,"2hhc","PO4",10,108,0,0,""
825,"2hhg","PO4",10,150,1,0.666666666666667,"S"
826,"2hhz","PO4",10,155,0,0,""
827,"2hia","PO4",10,278,0,0,""
828,"2hld","PO4",10,181,1,0.552486187845304,"S"
829,"2hnh","PO4",10,266,1,0.37593984962406,"S"
830,"2ho4","PO4",10,226,0,0,""
831,"2hoy","PO4",10,201,3,1.49253731343284,"S"
832,"2hqj","PO4",10,128,1,0.78125,"S"
833,"2hry","PO4",10,244,0,0,""
834,"2hse","PO4",10,127,0,0,""
835,"2huw","PO4",10,127,0,0,""
836,"2hxp","PO4",10,197,0,0,""
837,"2hy1","PO4",10,201,2,0.995024875621891,"S"
838,"2hzm","PO4",10,167,0,0,""
839,"2i1o","PO4",10,151,1,0.662251655629139,"S"
840,"2i3c","PO4",10,255,0,0,""
841,"2i6j","PO4",10,198,1,0.505050505050505,"S"
842,"2ibg","PO4",10,214,2,0.934579439252336,"S"
843,"2imd","PO4",10,117,0,0,""
844,"2in3","PO4",10,203,2,0.985221674876847,"S"
845,"2inw","PO4",10,80,1,1.25,"S"
846,"2iof","PO4",10,290,5,1.72413793103448,"S"
847,"2irv","PO4",10,116,0,0,""
848,"2isi","PO4",10,224,0,0,""
849,"2iss","PO4",10,164,1,0.609756097560976,"S"
850,"2isy","PO4",10,211,1,0.4739336492891,"S"
851,"2iuc","PO4",10,190,0,0,""
852,"2iw0","PO4",10,166,0,0,""
853,"2j1d","PO4",10,141,0,0,""
854,"2j6r","PO4",10,100,0,0,""
855,"2j9r","PO4",10,187,2,1.06951871657754,"S"
856,"2jbh","PO4",10,174,1,0.574712643678161,"S"
857,"2jbo","PO4",10,165,1,0.606060606060606,"S"
858,"2jcb","PO4",10,207,2,0.966183574879227,"S"
859,"2jfr","PO4",10,244,0,0,""
860,"2jfu","PO4",10,236,3,1.27118644067797,"S"
861,"2ns2","PO4",10,155,2,1.29032258064516,"S"
862,"2ns9","PO4",10,170,1,0.588235294117647,"S"
863,"2nt1","PO4",10,186,1,0.53763440860215,"S"
864,"2nxf","PO4",10,263,1,0.380228136882129,"S"
865,"2nzc","PO4",10,183,0,0,""
866,"2o08","PO4",10,199,0,0,""
867,"2o0m","PO4",10,193,0,0,""
868,"2o16","PO4",10,178,2,1.12359550561798,"S"
869,"2o4v","PO4",10,248,0,0,""
870,"2o9z","PO4",10,212,3,1.41509433962264,"S"
871,"2oaf","PO4",10,94,0,0,""
872,"2oaq","PO4",10,207,0,0,""
873,"2ob1","PO4",10,291,2,0.687285223367698,"S"
874,"2obn","PO4",10,196,0,0,""
875,"2oej","PO4",10,169,0,0,""
876,"2ofx","PO4",10,203,0,0,""
877,"2oiv","PO4",10,175,0,0,""
878,"2ojw","PO4",10,211,1,0.4739336492891,"S"
879,"2onk","PO4",10,188,1,0.531914893617021,"S"
880,"2oov","PO4",10,81,0,0,""
881,"2otd","PO4",10,251,1,0.398406374501992,"S"
882,"2ozt","PO4",10,198,2,1.01010101010101,"S"
883,"2p0e","PO4",10,205,1,0.48780487804878,"S"
884,"2p0f","PO4",10,140,0,0,""
885,"2p0k","PO4",10,166,1,0.602409638554217,"S"
886,"2p6u","PO4",10,190,1,0.526315789473684,"S"
887,"2p8i","PO4",10,140,0,0,""
888,"2p9e","PO4",10,44,0,0,""
889,"2pb9","PO4",10,191,0,0,""
890,"2pbl","PO4",10,113,0,0,""
891,"2pce","PO4",10,173,1,0.578034682080925,"S"
892,"2pmb","PO4",10,259,0,0,""
893,"2pnk","PO4",10,221,0,0,""
894,"2ppq","PO4",10,179,0,0,""
895,"2ppv","PO4",10,150,0,0,""
896,"2pq7","PO4",10,227,0,0,""
897,"2pqv","PO4",10,123,0,0,""
898,"2pup","PO4",10,179,0,0,""
899,"2qgz","PO4",10,200,1,0.5,"S"
900,"2qjc","PO4",10,227,0,0,""
901,"2v3q","PO4",10,312,0,0,""
902,"3k67","PO4",10,113,0,0,""
903,"3sil","PO4",10,212,1,0.471698113207547,"S"
904,"4kbp","PO4",10,237,0,0,""
