"threshold","repeat_id","fold_id","feature_set","classifier","accuracy"
5.3,1,1,"ILR_CDPA","RF",0.75
5.3,1,1,"ILR_CDPA","MultinomialLasso",0.733695652173913
5.3,1,1,"ILR_CDPA","Mahalanobis",0.510869565217391
5.3,1,1,"ILR_only","RF",0.440217391304348
5.3,1,1,"ILR_only","MultinomialLasso",0.483695652173913
5.3,1,1,"ILR_only","Mahalanobis",0.358695652173913
5.3,1,1,"CDPA_only","RF",0.722826086956522
5.3,1,1,"CDPA_only","MultinomialLasso",0.690217391304348
5.3,1,1,"CDPA_only","Mahalanobis",0.510869565217391
5.3,1,2,"ILR_CDPA","RF",0.770491803278688
5.3,1,2,"ILR_CDPA","MultinomialLasso",0.797814207650273
5.3,1,2,"ILR_CDPA","Mahalanobis",0.633879781420765
5.3,1,2,"ILR_only","RF",0.46448087431694
5.3,1,2,"ILR_only","MultinomialLasso",0.469945355191257
5.3,1,2,"ILR_only","Mahalanobis",0.415300546448087
5.3,1,2,"CDPA_only","RF",0.748633879781421
5.3,1,2,"CDPA_only","MultinomialLasso",0.759562841530055
5.3,1,2,"CDPA_only","Mahalanobis",0.595628415300546
5.3,1,3,"ILR_CDPA","RF",0.772222222222222
5.3,1,3,"ILR_CDPA","MultinomialLasso",0.744444444444444
5.3,1,3,"ILR_CDPA","Mahalanobis",0.622222222222222
5.3,1,3,"ILR_only","RF",0.516666666666667
5.3,1,3,"ILR_only","MultinomialLasso",0.466666666666667
5.3,1,3,"ILR_only","Mahalanobis",0.472222222222222
5.3,1,3,"CDPA_only","RF",0.694444444444444
5.3,1,3,"CDPA_only","MultinomialLasso",0.733333333333333
5.3,1,3,"CDPA_only","Mahalanobis",0.555555555555556
5.3,1,4,"ILR_CDPA","RF",0.793296089385475
5.3,1,4,"ILR_CDPA","MultinomialLasso",0.776536312849162
5.3,1,4,"ILR_CDPA","Mahalanobis",0.603351955307263
5.3,1,4,"ILR_only","RF",0.502793296089385
5.3,1,4,"ILR_only","MultinomialLasso",0.486033519553073
5.3,1,4,"ILR_only","Mahalanobis",0.41340782122905
5.3,1,4,"CDPA_only","RF",0.770949720670391
5.3,1,4,"CDPA_only","MultinomialLasso",0.709497206703911
5.3,1,4,"CDPA_only","Mahalanobis",0.53072625698324
5.3,1,5,"ILR_CDPA","RF",0.724719101123595
5.3,1,5,"ILR_CDPA","MultinomialLasso",0.713483146067416
5.3,1,5,"ILR_CDPA","Mahalanobis",0.578651685393258
5.3,1,5,"ILR_only","RF",0.460674157303371
5.3,1,5,"ILR_only","MultinomialLasso",0.455056179775281
5.3,1,5,"ILR_only","Mahalanobis",0.387640449438202
5.3,1,5,"CDPA_only","RF",0.724719101123595
5.3,1,5,"CDPA_only","MultinomialLasso",0.707865168539326
5.3,1,5,"CDPA_only","Mahalanobis",0.550561797752809
5.3,2,1,"ILR_CDPA","RF",0.782608695652174
5.3,2,1,"ILR_CDPA","MultinomialLasso",0.744565217391304
5.3,2,1,"ILR_CDPA","Mahalanobis",0.646739130434783
5.3,2,1,"ILR_only","RF",0.489130434782609
5.3,2,1,"ILR_only","MultinomialLasso",0.478260869565217
5.3,2,1,"ILR_only","Mahalanobis",0.396739130434783
5.3,2,1,"CDPA_only","RF",0.728260869565217
5.3,2,1,"CDPA_only","MultinomialLasso",0.706521739130435
5.3,2,1,"CDPA_only","Mahalanobis",0.548913043478261
5.3,2,2,"ILR_CDPA","RF",0.770491803278688
5.3,2,2,"ILR_CDPA","MultinomialLasso",0.765027322404372
5.3,2,2,"ILR_CDPA","Mahalanobis",0.601092896174863
5.3,2,2,"ILR_only","RF",0.508196721311475
5.3,2,2,"ILR_only","MultinomialLasso",0.486338797814208
5.3,2,2,"ILR_only","Mahalanobis",0.415300546448087
5.3,2,2,"CDPA_only","RF",0.759562841530055
5.3,2,2,"CDPA_only","MultinomialLasso",0.743169398907104
5.3,2,2,"CDPA_only","Mahalanobis",0.546448087431694
5.3,2,3,"ILR_CDPA","RF",0.716666666666667
5.3,2,3,"ILR_CDPA","MultinomialLasso",0.744444444444444
5.3,2,3,"ILR_CDPA","Mahalanobis",0.561111111111111
5.3,2,3,"ILR_only","RF",0.455555555555556
5.3,2,3,"ILR_only","MultinomialLasso",0.461111111111111
5.3,2,3,"ILR_only","Mahalanobis",0.422222222222222
5.3,2,3,"CDPA_only","RF",0.722222222222222
5.3,2,3,"CDPA_only","MultinomialLasso",0.722222222222222
5.3,2,3,"CDPA_only","Mahalanobis",0.522222222222222
5.3,2,4,"ILR_CDPA","RF",0.737430167597765
5.3,2,4,"ILR_CDPA","MultinomialLasso",0.720670391061452
5.3,2,4,"ILR_CDPA","Mahalanobis",0.603351955307263
5.3,2,4,"ILR_only","RF",0.480446927374302
5.3,2,4,"ILR_only","MultinomialLasso",0.435754189944134
5.3,2,4,"ILR_only","Mahalanobis",0.402234636871508
5.3,2,4,"CDPA_only","RF",0.726256983240223
5.3,2,4,"CDPA_only","MultinomialLasso",0.737430167597765
5.3,2,4,"CDPA_only","Mahalanobis",0.58659217877095
5.3,2,5,"ILR_CDPA","RF",0.780898876404494
5.3,2,5,"ILR_CDPA","MultinomialLasso",0.764044943820225
5.3,2,5,"ILR_CDPA","Mahalanobis",0.589887640449438
5.3,2,5,"ILR_only","RF",0.466292134831461
5.3,2,5,"ILR_only","MultinomialLasso",0.471910112359551
5.3,2,5,"ILR_only","Mahalanobis",0.382022471910112
5.3,2,5,"CDPA_only","RF",0.752808988764045
5.3,2,5,"CDPA_only","MultinomialLasso",0.741573033707865
5.3,2,5,"CDPA_only","Mahalanobis",0.539325842696629
5.3,3,1,"ILR_CDPA","RF",0.760869565217391
5.3,3,1,"ILR_CDPA","MultinomialLasso",0.75
5.3,3,1,"ILR_CDPA","Mahalanobis",0.58695652173913
5.3,3,1,"ILR_only","RF",0.53804347826087
5.3,3,1,"ILR_only","MultinomialLasso",0.489130434782609
5.3,3,1,"ILR_only","Mahalanobis",0.402173913043478
5.3,3,1,"CDPA_only","RF",0.766304347826087
5.3,3,1,"CDPA_only","MultinomialLasso",0.728260869565217
5.3,3,1,"CDPA_only","Mahalanobis",0.548913043478261
5.3,3,2,"ILR_CDPA","RF",0.792349726775956
5.3,3,2,"ILR_CDPA","MultinomialLasso",0.754098360655738
5.3,3,2,"ILR_CDPA","Mahalanobis",0.584699453551913
5.3,3,2,"ILR_only","RF",0.497267759562842
5.3,3,2,"ILR_only","MultinomialLasso",0.469945355191257
5.3,3,2,"ILR_only","Mahalanobis",0.426229508196721
5.3,3,2,"CDPA_only","RF",0.759562841530055
5.3,3,2,"CDPA_only","MultinomialLasso",0.715846994535519
5.3,3,2,"CDPA_only","Mahalanobis",0.480874316939891
5.3,3,3,"ILR_CDPA","RF",0.744444444444444
5.3,3,3,"ILR_CDPA","MultinomialLasso",0.766666666666667
5.3,3,3,"ILR_CDPA","Mahalanobis",0.6
5.3,3,3,"ILR_only","RF",0.477777777777778
5.3,3,3,"ILR_only","MultinomialLasso",0.45
5.3,3,3,"ILR_only","Mahalanobis",0.422222222222222
5.3,3,3,"CDPA_only","RF",0.711111111111111
5.3,3,3,"CDPA_only","MultinomialLasso",0.75
5.3,3,3,"CDPA_only","Mahalanobis",0.566666666666667
5.3,3,4,"ILR_CDPA","RF",0.759776536312849
5.3,3,4,"ILR_CDPA","MultinomialLasso",0.754189944134078
5.3,3,4,"ILR_CDPA","Mahalanobis",0.620111731843575
5.3,3,4,"ILR_only","RF",0.463687150837989
5.3,3,4,"ILR_only","MultinomialLasso",0.491620111731844
5.3,3,4,"ILR_only","Mahalanobis",0.424581005586592
5.3,3,4,"CDPA_only","RF",0.715083798882682
5.3,3,4,"CDPA_only","MultinomialLasso",0.70391061452514
5.3,3,4,"CDPA_only","Mahalanobis",0.581005586592179
5.3,3,5,"ILR_CDPA","RF",0.719101123595506
5.3,3,5,"ILR_CDPA","MultinomialLasso",0.696629213483146
5.3,3,5,"ILR_CDPA","Mahalanobis",0.567415730337079
5.3,3,5,"ILR_only","RF",0.5
5.3,3,5,"ILR_only","MultinomialLasso",0.438202247191011
5.3,3,5,"ILR_only","Mahalanobis",0.387640449438202
5.3,3,5,"CDPA_only","RF",0.713483146067416
5.3,3,5,"CDPA_only","MultinomialLasso",0.674157303370786
5.3,3,5,"CDPA_only","Mahalanobis",0.544943820224719
5.3,4,1,"ILR_CDPA","RF",0.766304347826087
5.3,4,1,"ILR_CDPA","MultinomialLasso",0.760869565217391
5.3,4,1,"ILR_CDPA","Mahalanobis",0.608695652173913
5.3,4,1,"ILR_only","RF",0.5
5.3,4,1,"ILR_only","MultinomialLasso",0.478260869565217
5.3,4,1,"ILR_only","Mahalanobis",0.423913043478261
5.3,4,1,"CDPA_only","RF",0.760869565217391
5.3,4,1,"CDPA_only","MultinomialLasso",0.695652173913043
5.3,4,1,"CDPA_only","Mahalanobis",0.494565217391304
5.3,4,2,"ILR_CDPA","RF",0.737704918032787
5.3,4,2,"ILR_CDPA","MultinomialLasso",0.699453551912568
5.3,4,2,"ILR_CDPA","Mahalanobis",0.551912568306011
5.3,4,2,"ILR_only","RF",0.469945355191257
5.3,4,2,"ILR_only","MultinomialLasso",0.46448087431694
5.3,4,2,"ILR_only","Mahalanobis",0.382513661202186
5.3,4,2,"CDPA_only","RF",0.721311475409836
5.3,4,2,"CDPA_only","MultinomialLasso",0.688524590163934
5.3,4,2,"CDPA_only","Mahalanobis",0.530054644808743
5.3,4,3,"ILR_CDPA","RF",0.738888888888889
5.3,4,3,"ILR_CDPA","MultinomialLasso",0.727777777777778
5.3,4,3,"ILR_CDPA","Mahalanobis",0.594444444444444
5.3,4,3,"ILR_only","RF",0.511111111111111
5.3,4,3,"ILR_only","MultinomialLasso",0.494444444444444
5.3,4,3,"ILR_only","Mahalanobis",0.438888888888889
5.3,4,3,"CDPA_only","RF",0.694444444444444
5.3,4,3,"CDPA_only","MultinomialLasso",0.711111111111111
5.3,4,3,"CDPA_only","Mahalanobis",0.494444444444444
5.3,4,4,"ILR_CDPA","RF",0.709497206703911
5.3,4,4,"ILR_CDPA","MultinomialLasso",0.737430167597765
5.3,4,4,"ILR_CDPA","Mahalanobis",0.575418994413408
5.3,4,4,"ILR_only","RF",0.508379888268156
5.3,4,4,"ILR_only","MultinomialLasso",0.46927374301676
5.3,4,4,"ILR_only","Mahalanobis",0.385474860335196
5.3,4,4,"CDPA_only","RF",0.692737430167598
5.3,4,4,"CDPA_only","MultinomialLasso",0.731843575418994
5.3,4,4,"CDPA_only","Mahalanobis",0.569832402234637
5.3,4,5,"ILR_CDPA","RF",0.775280898876405
5.3,4,5,"ILR_CDPA","MultinomialLasso",0.803370786516854
5.3,4,5,"ILR_CDPA","Mahalanobis",0.601123595505618
5.3,4,5,"ILR_only","RF",0.49438202247191
5.3,4,5,"ILR_only","MultinomialLasso",0.455056179775281
5.3,4,5,"ILR_only","Mahalanobis",0.421348314606742
5.3,4,5,"CDPA_only","RF",0.724719101123595
5.3,4,5,"CDPA_only","MultinomialLasso",0.769662921348315
5.3,4,5,"CDPA_only","Mahalanobis",0.578651685393258
5.3,5,1,"ILR_CDPA","RF",0.766304347826087
5.3,5,1,"ILR_CDPA","MultinomialLasso",0.766304347826087
5.3,5,1,"ILR_CDPA","Mahalanobis",0.603260869565217
5.3,5,1,"ILR_only","RF",0.46195652173913
5.3,5,1,"ILR_only","MultinomialLasso",0.472826086956522
5.3,5,1,"ILR_only","Mahalanobis",0.445652173913043
5.3,5,1,"CDPA_only","RF",0.733695652173913
5.3,5,1,"CDPA_only","MultinomialLasso",0.722826086956522
5.3,5,1,"CDPA_only","Mahalanobis",0.565217391304348
5.3,5,2,"ILR_CDPA","RF",0.792349726775956
5.3,5,2,"ILR_CDPA","MultinomialLasso",0.754098360655738
5.3,5,2,"ILR_CDPA","Mahalanobis",0.617486338797814
5.3,5,2,"ILR_only","RF",0.453551912568306
5.3,5,2,"ILR_only","MultinomialLasso",0.459016393442623
5.3,5,2,"ILR_only","Mahalanobis",0.398907103825137
5.3,5,2,"CDPA_only","RF",0.726775956284153
5.3,5,2,"CDPA_only","MultinomialLasso",0.715846994535519
5.3,5,2,"CDPA_only","Mahalanobis",0.59016393442623
5.3,5,3,"ILR_CDPA","RF",0.755555555555556
5.3,5,3,"ILR_CDPA","MultinomialLasso",0.75
5.3,5,3,"ILR_CDPA","Mahalanobis",0.566666666666667
5.3,5,3,"ILR_only","RF",0.477777777777778
5.3,5,3,"ILR_only","MultinomialLasso",0.477777777777778
5.3,5,3,"ILR_only","Mahalanobis",0.461111111111111
5.3,5,3,"CDPA_only","RF",0.738888888888889
5.3,5,3,"CDPA_only","MultinomialLasso",0.7
5.3,5,3,"CDPA_only","Mahalanobis",0.461111111111111
5.3,5,4,"ILR_CDPA","RF",0.720670391061452
5.3,5,4,"ILR_CDPA","MultinomialLasso",0.726256983240223
5.3,5,4,"ILR_CDPA","Mahalanobis",0.558659217877095
5.3,5,4,"ILR_only","RF",0.508379888268156
5.3,5,4,"ILR_only","MultinomialLasso",0.458100558659218
5.3,5,4,"ILR_only","Mahalanobis",0.396648044692737
5.3,5,4,"CDPA_only","RF",0.698324022346369
5.3,5,4,"CDPA_only","MultinomialLasso",0.726256983240223
5.3,5,4,"CDPA_only","Mahalanobis",0.508379888268156
5.3,5,5,"ILR_CDPA","RF",0.769662921348315
5.3,5,5,"ILR_CDPA","MultinomialLasso",0.719101123595506
5.3,5,5,"ILR_CDPA","Mahalanobis",0.617977528089888
5.3,5,5,"ILR_only","RF",0.49438202247191
5.3,5,5,"ILR_only","MultinomialLasso",0.460674157303371
5.3,5,5,"ILR_only","Mahalanobis",0.376404494382022
5.3,5,5,"CDPA_only","RF",0.752808988764045
5.3,5,5,"CDPA_only","MultinomialLasso",0.724719101123595
5.3,5,5,"CDPA_only","Mahalanobis",0.567415730337079
5.3,6,1,"ILR_CDPA","RF",0.771739130434783
5.3,6,1,"ILR_CDPA","MultinomialLasso",0.760869565217391
5.3,6,1,"ILR_CDPA","Mahalanobis",0.58695652173913
5.3,6,1,"ILR_only","RF",0.46195652173913
5.3,6,1,"ILR_only","MultinomialLasso",0.467391304347826
5.3,6,1,"ILR_only","Mahalanobis",0.434782608695652
5.3,6,1,"CDPA_only","RF",0.706521739130435
5.3,6,1,"CDPA_only","MultinomialLasso",0.722826086956522
5.3,6,1,"CDPA_only","Mahalanobis",0.548913043478261
5.3,6,2,"ILR_CDPA","RF",0.754098360655738
5.3,6,2,"ILR_CDPA","MultinomialLasso",0.73224043715847
5.3,6,2,"ILR_CDPA","Mahalanobis",0.524590163934426
5.3,6,2,"ILR_only","RF",0.459016393442623
5.3,6,2,"ILR_only","MultinomialLasso",0.453551912568306
5.3,6,2,"ILR_only","Mahalanobis",0.366120218579235
5.3,6,2,"CDPA_only","RF",0.754098360655738
5.3,6,2,"CDPA_only","MultinomialLasso",0.737704918032787
5.3,6,2,"CDPA_only","Mahalanobis",0.53551912568306
5.3,6,3,"ILR_CDPA","RF",0.755555555555556
5.3,6,3,"ILR_CDPA","MultinomialLasso",0.755555555555556
5.3,6,3,"ILR_CDPA","Mahalanobis",0.616666666666667
5.3,6,3,"ILR_only","RF",0.533333333333333
5.3,6,3,"ILR_only","MultinomialLasso",0.5
5.3,6,3,"ILR_only","Mahalanobis",0.466666666666667
5.3,6,3,"CDPA_only","RF",0.727777777777778
5.3,6,3,"CDPA_only","MultinomialLasso",0.733333333333333
5.3,6,3,"CDPA_only","Mahalanobis",0.538888888888889
5.3,6,4,"ILR_CDPA","RF",0.770949720670391
5.3,6,4,"ILR_CDPA","MultinomialLasso",0.782122905027933
5.3,6,4,"ILR_CDPA","Mahalanobis",0.636871508379888
5.3,6,4,"ILR_only","RF",0.474860335195531
5.3,6,4,"ILR_only","MultinomialLasso",0.486033519553073
5.3,6,4,"ILR_only","Mahalanobis",0.407821229050279
5.3,6,4,"CDPA_only","RF",0.70391061452514
5.3,6,4,"CDPA_only","MultinomialLasso",0.748603351955307
5.3,6,4,"CDPA_only","Mahalanobis",0.569832402234637
5.3,6,5,"ILR_CDPA","RF",0.735955056179775
5.3,6,5,"ILR_CDPA","MultinomialLasso",0.719101123595506
5.3,6,5,"ILR_CDPA","Mahalanobis",0.573033707865168
5.3,6,5,"ILR_only","RF",0.460674157303371
5.3,6,5,"ILR_only","MultinomialLasso",0.460674157303371
5.3,6,5,"ILR_only","Mahalanobis",0.398876404494382
5.3,6,5,"CDPA_only","RF",0.707865168539326
5.3,6,5,"CDPA_only","MultinomialLasso",0.719101123595506
5.3,6,5,"CDPA_only","Mahalanobis",0.550561797752809
5.3,7,1,"ILR_CDPA","RF",0.766304347826087
5.3,7,1,"ILR_CDPA","MultinomialLasso",0.744565217391304
5.3,7,1,"ILR_CDPA","Mahalanobis",0.58695652173913
5.3,7,1,"ILR_only","RF",0.467391304347826
5.3,7,1,"ILR_only","MultinomialLasso",0.467391304347826
5.3,7,1,"ILR_only","Mahalanobis",0.440217391304348
5.3,7,1,"CDPA_only","RF",0.744565217391304
5.3,7,1,"CDPA_only","MultinomialLasso",0.728260869565217
5.3,7,1,"CDPA_only","Mahalanobis",0.527173913043478
5.3,7,2,"ILR_CDPA","RF",0.73224043715847
5.3,7,2,"ILR_CDPA","MultinomialLasso",0.765027322404372
5.3,7,2,"ILR_CDPA","Mahalanobis",0.628415300546448
5.3,7,2,"ILR_only","RF",0.491803278688525
5.3,7,2,"ILR_only","MultinomialLasso",0.469945355191257
5.3,7,2,"ILR_only","Mahalanobis",0.437158469945355
5.3,7,2,"CDPA_only","RF",0.699453551912568
5.3,7,2,"CDPA_only","MultinomialLasso",0.775956284153005
5.3,7,2,"CDPA_only","Mahalanobis",0.601092896174863
5.3,7,3,"ILR_CDPA","RF",0.783333333333333
5.3,7,3,"ILR_CDPA","MultinomialLasso",0.777777777777778
5.3,7,3,"ILR_CDPA","Mahalanobis",0.572222222222222
5.3,7,3,"ILR_only","RF",0.5
5.3,7,3,"ILR_only","MultinomialLasso",0.461111111111111
5.3,7,3,"ILR_only","Mahalanobis",0.35
5.3,7,3,"CDPA_only","RF",0.744444444444444
5.3,7,3,"CDPA_only","MultinomialLasso",0.738888888888889
5.3,7,3,"CDPA_only","Mahalanobis",0.505555555555556
5.3,7,4,"ILR_CDPA","RF",0.76536312849162
5.3,7,4,"ILR_CDPA","MultinomialLasso",0.748603351955307
5.3,7,4,"ILR_CDPA","Mahalanobis",0.597765363128492
5.3,7,4,"ILR_only","RF",0.513966480446927
5.3,7,4,"ILR_only","MultinomialLasso",0.474860335195531
5.3,7,4,"ILR_only","Mahalanobis",0.391061452513966
5.3,7,4,"CDPA_only","RF",0.737430167597765
5.3,7,4,"CDPA_only","MultinomialLasso",0.76536312849162
5.3,7,4,"CDPA_only","Mahalanobis",0.541899441340782
5.3,7,5,"ILR_CDPA","RF",0.735955056179775
5.3,7,5,"ILR_CDPA","MultinomialLasso",0.719101123595506
5.3,7,5,"ILR_CDPA","Mahalanobis",0.584269662921348
5.3,7,5,"ILR_only","RF",0.49438202247191
5.3,7,5,"ILR_only","MultinomialLasso",0.47752808988764
5.3,7,5,"ILR_only","Mahalanobis",0.449438202247191
5.3,7,5,"CDPA_only","RF",0.696629213483146
5.3,7,5,"CDPA_only","MultinomialLasso",0.685393258426966
5.3,7,5,"CDPA_only","Mahalanobis",0.556179775280899
5.3,8,1,"ILR_CDPA","RF",0.733695652173913
5.3,8,1,"ILR_CDPA","MultinomialLasso",0.733695652173913
5.3,8,1,"ILR_CDPA","Mahalanobis",0.581521739130435
5.3,8,1,"ILR_only","RF",0.472826086956522
5.3,8,1,"ILR_only","MultinomialLasso",0.445652173913043
5.3,8,1,"ILR_only","Mahalanobis",0.385869565217391
5.3,8,1,"CDPA_only","RF",0.701086956521739
5.3,8,1,"CDPA_only","MultinomialLasso",0.701086956521739
5.3,8,1,"CDPA_only","Mahalanobis",0.570652173913043
5.3,8,2,"ILR_CDPA","RF",0.770491803278688
5.3,8,2,"ILR_CDPA","MultinomialLasso",0.748633879781421
5.3,8,2,"ILR_CDPA","Mahalanobis",0.579234972677596
5.3,8,2,"ILR_only","RF",0.502732240437158
5.3,8,2,"ILR_only","MultinomialLasso",0.469945355191257
5.3,8,2,"ILR_only","Mahalanobis",0.39344262295082
5.3,8,2,"CDPA_only","RF",0.737704918032787
5.3,8,2,"CDPA_only","MultinomialLasso",0.73224043715847
5.3,8,2,"CDPA_only","Mahalanobis",0.568306010928962
5.3,8,3,"ILR_CDPA","RF",0.788888888888889
5.3,8,3,"ILR_CDPA","MultinomialLasso",0.716666666666667
5.3,8,3,"ILR_CDPA","Mahalanobis",0.577777777777778
5.3,8,3,"ILR_only","RF",0.477777777777778
5.3,8,3,"ILR_only","MultinomialLasso",0.488888888888889
5.3,8,3,"ILR_only","Mahalanobis",0.444444444444444
5.3,8,3,"CDPA_only","RF",0.733333333333333
5.3,8,3,"CDPA_only","MultinomialLasso",0.694444444444444
5.3,8,3,"CDPA_only","Mahalanobis",0.5
5.3,8,4,"ILR_CDPA","RF",0.798882681564246
5.3,8,4,"ILR_CDPA","MultinomialLasso",0.793296089385475
5.3,8,4,"ILR_CDPA","Mahalanobis",0.653631284916201
5.3,8,4,"ILR_only","RF",0.541899441340782
5.3,8,4,"ILR_only","MultinomialLasso",0.486033519553073
5.3,8,4,"ILR_only","Mahalanobis",0.430167597765363
5.3,8,4,"CDPA_only","RF",0.731843575418994
5.3,8,4,"CDPA_only","MultinomialLasso",0.754189944134078
5.3,8,4,"CDPA_only","Mahalanobis",0.58659217877095
5.3,8,5,"ILR_CDPA","RF",0.730337078651685
5.3,8,5,"ILR_CDPA","MultinomialLasso",0.679775280898876
5.3,8,5,"ILR_CDPA","Mahalanobis",0.550561797752809
5.3,8,5,"ILR_only","RF",0.449438202247191
5.3,8,5,"ILR_only","MultinomialLasso",0.471910112359551
5.3,8,5,"ILR_only","Mahalanobis",0.426966292134831
5.3,8,5,"CDPA_only","RF",0.691011235955056
5.3,8,5,"CDPA_only","MultinomialLasso",0.657303370786517
5.3,8,5,"CDPA_only","Mahalanobis",0.49438202247191
5.3,9,1,"ILR_CDPA","RF",0.760869565217391
5.3,9,1,"ILR_CDPA","MultinomialLasso",0.733695652173913
5.3,9,1,"ILR_CDPA","Mahalanobis",0.581521739130435
5.3,9,1,"ILR_only","RF",0.494565217391304
5.3,9,1,"ILR_only","MultinomialLasso",0.467391304347826
5.3,9,1,"ILR_only","Mahalanobis",0.445652173913043
5.3,9,1,"CDPA_only","RF",0.739130434782609
5.3,9,1,"CDPA_only","MultinomialLasso",0.701086956521739
5.3,9,1,"CDPA_only","Mahalanobis",0.559782608695652
5.3,9,2,"ILR_CDPA","RF",0.726775956284153
5.3,9,2,"ILR_CDPA","MultinomialLasso",0.699453551912568
5.3,9,2,"ILR_CDPA","Mahalanobis",0.53551912568306
5.3,9,2,"ILR_only","RF",0.475409836065574
5.3,9,2,"ILR_only","MultinomialLasso",0.459016393442623
5.3,9,2,"ILR_only","Mahalanobis",0.360655737704918
5.3,9,2,"CDPA_only","RF",0.704918032786885
5.3,9,2,"CDPA_only","MultinomialLasso",0.672131147540984
5.3,9,2,"CDPA_only","Mahalanobis",0.442622950819672
5.3,9,3,"ILR_CDPA","RF",0.727777777777778
5.3,9,3,"ILR_CDPA","MultinomialLasso",0.744444444444444
5.3,9,3,"ILR_CDPA","Mahalanobis",0.577777777777778
5.3,9,3,"ILR_only","RF",0.5
5.3,9,3,"ILR_only","MultinomialLasso",0.466666666666667
5.3,9,3,"ILR_only","Mahalanobis",0.411111111111111
5.3,9,3,"CDPA_only","RF",0.722222222222222
5.3,9,3,"CDPA_only","MultinomialLasso",0.716666666666667
5.3,9,3,"CDPA_only","Mahalanobis",0.561111111111111
5.3,9,4,"ILR_CDPA","RF",0.770949720670391
5.3,9,4,"ILR_CDPA","MultinomialLasso",0.748603351955307
5.3,9,4,"ILR_CDPA","Mahalanobis",0.620111731843575
5.3,9,4,"ILR_only","RF",0.541899441340782
5.3,9,4,"ILR_only","MultinomialLasso",0.480446927374302
5.3,9,4,"ILR_only","Mahalanobis",0.41340782122905
5.3,9,4,"CDPA_only","RF",0.743016759776536
5.3,9,4,"CDPA_only","MultinomialLasso",0.770949720670391
5.3,9,4,"CDPA_only","Mahalanobis",0.603351955307263
5.3,9,5,"ILR_CDPA","RF",0.780898876404494
5.3,9,5,"ILR_CDPA","MultinomialLasso",0.741573033707865
5.3,9,5,"ILR_CDPA","Mahalanobis",0.629213483146067
5.3,9,5,"ILR_only","RF",0.471910112359551
5.3,9,5,"ILR_only","MultinomialLasso",0.466292134831461
5.3,9,5,"ILR_only","Mahalanobis",0.410112359550562
5.3,9,5,"CDPA_only","RF",0.730337078651685
5.3,9,5,"CDPA_only","MultinomialLasso",0.713483146067416
5.3,9,5,"CDPA_only","Mahalanobis",0.51685393258427
5.3,10,1,"ILR_CDPA","RF",0.722826086956522
5.3,10,1,"ILR_CDPA","MultinomialLasso",0.771739130434783
5.3,10,1,"ILR_CDPA","Mahalanobis",0.581521739130435
5.3,10,1,"ILR_only","RF",0.494565217391304
5.3,10,1,"ILR_only","MultinomialLasso",0.456521739130435
5.3,10,1,"ILR_only","Mahalanobis",0.418478260869565
5.3,10,1,"CDPA_only","RF",0.706521739130435
5.3,10,1,"CDPA_only","MultinomialLasso",0.722826086956522
5.3,10,1,"CDPA_only","Mahalanobis",0.505434782608696
5.3,10,2,"ILR_CDPA","RF",0.759562841530055
5.3,10,2,"ILR_CDPA","MultinomialLasso",0.743169398907104
5.3,10,2,"ILR_CDPA","Mahalanobis",0.650273224043716
5.3,10,2,"ILR_only","RF",0.497267759562842
5.3,10,2,"ILR_only","MultinomialLasso",0.469945355191257
5.3,10,2,"ILR_only","Mahalanobis",0.459016393442623
5.3,10,2,"CDPA_only","RF",0.748633879781421
5.3,10,2,"CDPA_only","MultinomialLasso",0.737704918032787
5.3,10,2,"CDPA_only","Mahalanobis",0.53551912568306
5.3,10,3,"ILR_CDPA","RF",0.733333333333333
5.3,10,3,"ILR_CDPA","MultinomialLasso",0.677777777777778
5.3,10,3,"ILR_CDPA","Mahalanobis",0.544444444444444
5.3,10,3,"ILR_only","RF",0.472222222222222
5.3,10,3,"ILR_only","MultinomialLasso",0.461111111111111
5.3,10,3,"ILR_only","Mahalanobis",0.383333333333333
5.3,10,3,"CDPA_only","RF",0.733333333333333
5.3,10,3,"CDPA_only","MultinomialLasso",0.672222222222222
5.3,10,3,"CDPA_only","Mahalanobis",0.516666666666667
5.3,10,4,"ILR_CDPA","RF",0.787709497206704
5.3,10,4,"ILR_CDPA","MultinomialLasso",0.782122905027933
5.3,10,4,"ILR_CDPA","Mahalanobis",0.564245810055866
5.3,10,4,"ILR_only","RF",0.46927374301676
5.3,10,4,"ILR_only","MultinomialLasso",0.458100558659218
5.3,10,4,"ILR_only","Mahalanobis",0.385474860335196
5.3,10,4,"CDPA_only","RF",0.731843575418994
5.3,10,4,"CDPA_only","MultinomialLasso",0.737430167597765
5.3,10,4,"CDPA_only","Mahalanobis",0.631284916201117
5.3,10,5,"ILR_CDPA","RF",0.730337078651685
5.3,10,5,"ILR_CDPA","MultinomialLasso",0.747191011235955
5.3,10,5,"ILR_CDPA","Mahalanobis",0.612359550561798
5.3,10,5,"ILR_only","RF",0.51123595505618
5.3,10,5,"ILR_only","MultinomialLasso",0.50561797752809
5.3,10,5,"ILR_only","Mahalanobis",0.438202247191011
5.3,10,5,"CDPA_only","RF",0.685393258426966
5.3,10,5,"CDPA_only","MultinomialLasso",0.735955056179775
5.3,10,5,"CDPA_only","Mahalanobis",0.544943820224719
5.3,11,1,"ILR_CDPA","RF",0.744565217391304
5.3,11,1,"ILR_CDPA","MultinomialLasso",0.777173913043478
5.3,11,1,"ILR_CDPA","Mahalanobis",0.592391304347826
5.3,11,1,"ILR_only","RF",0.516304347826087
5.3,11,1,"ILR_only","MultinomialLasso",0.467391304347826
5.3,11,1,"ILR_only","Mahalanobis",0.429347826086957
5.3,11,1,"CDPA_only","RF",0.71195652173913
5.3,11,1,"CDPA_only","MultinomialLasso",0.728260869565217
5.3,11,1,"CDPA_only","Mahalanobis",0.559782608695652
5.3,11,2,"ILR_CDPA","RF",0.759562841530055
5.3,11,2,"ILR_CDPA","MultinomialLasso",0.748633879781421
5.3,11,2,"ILR_CDPA","Mahalanobis",0.546448087431694
5.3,11,2,"ILR_only","RF",0.497267759562842
5.3,11,2,"ILR_only","MultinomialLasso",0.453551912568306
5.3,11,2,"ILR_only","Mahalanobis",0.448087431693989
5.3,11,2,"CDPA_only","RF",0.721311475409836
5.3,11,2,"CDPA_only","MultinomialLasso",0.704918032786885
5.3,11,2,"CDPA_only","Mahalanobis",0.519125683060109
5.3,11,3,"ILR_CDPA","RF",0.766666666666667
5.3,11,3,"ILR_CDPA","MultinomialLasso",0.722222222222222
5.3,11,3,"ILR_CDPA","Mahalanobis",0.622222222222222
5.3,11,3,"ILR_only","RF",0.5
5.3,11,3,"ILR_only","MultinomialLasso",0.472222222222222
5.3,11,3,"ILR_only","Mahalanobis",0.388888888888889
5.3,11,3,"CDPA_only","RF",0.766666666666667
5.3,11,3,"CDPA_only","MultinomialLasso",0.727777777777778
5.3,11,3,"CDPA_only","Mahalanobis",0.544444444444444
5.3,11,4,"ILR_CDPA","RF",0.759776536312849
5.3,11,4,"ILR_CDPA","MultinomialLasso",0.76536312849162
5.3,11,4,"ILR_CDPA","Mahalanobis",0.603351955307263
5.3,11,4,"ILR_only","RF",0.480446927374302
5.3,11,4,"ILR_only","MultinomialLasso",0.497206703910615
5.3,11,4,"ILR_only","Mahalanobis",0.402234636871508
5.3,11,4,"CDPA_only","RF",0.720670391061452
5.3,11,4,"CDPA_only","MultinomialLasso",0.731843575418994
5.3,11,4,"CDPA_only","Mahalanobis",0.536312849162011
5.3,11,5,"ILR_CDPA","RF",0.775280898876405
5.3,11,5,"ILR_CDPA","MultinomialLasso",0.741573033707865
5.3,11,5,"ILR_CDPA","Mahalanobis",0.589887640449438
5.3,11,5,"ILR_only","RF",0.426966292134831
5.3,11,5,"ILR_only","MultinomialLasso",0.460674157303371
5.3,11,5,"ILR_only","Mahalanobis",0.382022471910112
5.3,11,5,"CDPA_only","RF",0.758426966292135
5.3,11,5,"CDPA_only","MultinomialLasso",0.735955056179775
5.3,11,5,"CDPA_only","Mahalanobis",0.550561797752809
5.3,12,1,"ILR_CDPA","RF",0.744565217391304
5.3,12,1,"ILR_CDPA","MultinomialLasso",0.722826086956522
5.3,12,1,"ILR_CDPA","Mahalanobis",0.532608695652174
5.3,12,1,"ILR_only","RF",0.483695652173913
5.3,12,1,"ILR_only","MultinomialLasso",0.46195652173913
5.3,12,1,"ILR_only","Mahalanobis",0.375
5.3,12,1,"CDPA_only","RF",0.695652173913043
5.3,12,1,"CDPA_only","MultinomialLasso",0.701086956521739
5.3,12,1,"CDPA_only","Mahalanobis",0.505434782608696
5.3,12,2,"ILR_CDPA","RF",0.726775956284153
5.3,12,2,"ILR_CDPA","MultinomialLasso",0.759562841530055
5.3,12,2,"ILR_CDPA","Mahalanobis",0.546448087431694
5.3,12,2,"ILR_only","RF",0.469945355191257
5.3,12,2,"ILR_only","MultinomialLasso",0.469945355191257
5.3,12,2,"ILR_only","Mahalanobis",0.40983606557377
5.3,12,2,"CDPA_only","RF",0.683060109289617
5.3,12,2,"CDPA_only","MultinomialLasso",0.710382513661202
5.3,12,2,"CDPA_only","Mahalanobis",0.519125683060109
5.3,12,3,"ILR_CDPA","RF",0.788888888888889
5.3,12,3,"ILR_CDPA","MultinomialLasso",0.783333333333333
5.3,12,3,"ILR_CDPA","Mahalanobis",0.683333333333333
5.3,12,3,"ILR_only","RF",0.5
5.3,12,3,"ILR_only","MultinomialLasso",0.455555555555556
5.3,12,3,"ILR_only","Mahalanobis",0.466666666666667
5.3,12,3,"CDPA_only","RF",0.788888888888889
5.3,12,3,"CDPA_only","MultinomialLasso",0.755555555555556
5.3,12,3,"CDPA_only","Mahalanobis",0.566666666666667
5.3,12,4,"ILR_CDPA","RF",0.798882681564246
5.3,12,4,"ILR_CDPA","MultinomialLasso",0.798882681564246
5.3,12,4,"ILR_CDPA","Mahalanobis",0.625698324022346
5.3,12,4,"ILR_only","RF",0.508379888268156
5.3,12,4,"ILR_only","MultinomialLasso",0.480446927374302
5.3,12,4,"ILR_only","Mahalanobis",0.452513966480447
5.3,12,4,"CDPA_only","RF",0.782122905027933
5.3,12,4,"CDPA_only","MultinomialLasso",0.76536312849162
5.3,12,4,"CDPA_only","Mahalanobis",0.58659217877095
5.3,12,5,"ILR_CDPA","RF",0.758426966292135
5.3,12,5,"ILR_CDPA","MultinomialLasso",0.713483146067416
5.3,12,5,"ILR_CDPA","Mahalanobis",0.556179775280899
5.3,12,5,"ILR_only","RF",0.48876404494382
5.3,12,5,"ILR_only","MultinomialLasso",0.48314606741573
5.3,12,5,"ILR_only","Mahalanobis",0.365168539325843
5.3,12,5,"CDPA_only","RF",0.724719101123595
5.3,12,5,"CDPA_only","MultinomialLasso",0.696629213483146
5.3,12,5,"CDPA_only","Mahalanobis",0.567415730337079
5.3,13,1,"ILR_CDPA","RF",0.782608695652174
5.3,13,1,"ILR_CDPA","MultinomialLasso",0.782608695652174
5.3,13,1,"ILR_CDPA","Mahalanobis",0.679347826086957
5.3,13,1,"ILR_only","RF",0.510869565217391
5.3,13,1,"ILR_only","MultinomialLasso",0.489130434782609
5.3,13,1,"ILR_only","Mahalanobis",0.434782608695652
5.3,13,1,"CDPA_only","RF",0.744565217391304
5.3,13,1,"CDPA_only","MultinomialLasso",0.728260869565217
5.3,13,1,"CDPA_only","Mahalanobis",0.646739130434783
5.3,13,2,"ILR_CDPA","RF",0.759562841530055
5.3,13,2,"ILR_CDPA","MultinomialLasso",0.737704918032787
5.3,13,2,"ILR_CDPA","Mahalanobis",0.573770491803279
5.3,13,2,"ILR_only","RF",0.453551912568306
5.3,13,2,"ILR_only","MultinomialLasso",0.437158469945355
5.3,13,2,"ILR_only","Mahalanobis",0.39344262295082
5.3,13,2,"CDPA_only","RF",0.73224043715847
5.3,13,2,"CDPA_only","MultinomialLasso",0.715846994535519
5.3,13,2,"CDPA_only","Mahalanobis",0.530054644808743
5.3,13,3,"ILR_CDPA","RF",0.783333333333333
5.3,13,3,"ILR_CDPA","MultinomialLasso",0.783333333333333
5.3,13,3,"ILR_CDPA","Mahalanobis",0.55
5.3,13,3,"ILR_only","RF",0.5
5.3,13,3,"ILR_only","MultinomialLasso",0.483333333333333
5.3,13,3,"ILR_only","Mahalanobis",0.405555555555556
5.3,13,3,"CDPA_only","RF",0.744444444444444
5.3,13,3,"CDPA_only","MultinomialLasso",0.727777777777778
5.3,13,3,"CDPA_only","Mahalanobis",0.5
5.3,13,4,"ILR_CDPA","RF",0.698324022346369
5.3,13,4,"ILR_CDPA","MultinomialLasso",0.715083798882682
5.3,13,4,"ILR_CDPA","Mahalanobis",0.608938547486033
5.3,13,4,"ILR_only","RF",0.491620111731844
5.3,13,4,"ILR_only","MultinomialLasso",0.463687150837989
5.3,13,4,"ILR_only","Mahalanobis",0.418994413407821
5.3,13,4,"CDPA_only","RF",0.709497206703911
5.3,13,4,"CDPA_only","MultinomialLasso",0.726256983240223
5.3,13,4,"CDPA_only","Mahalanobis",0.508379888268156
5.3,13,5,"ILR_CDPA","RF",0.741573033707865
5.3,13,5,"ILR_CDPA","MultinomialLasso",0.713483146067416
5.3,13,5,"ILR_CDPA","Mahalanobis",0.573033707865168
5.3,13,5,"ILR_only","RF",0.5
5.3,13,5,"ILR_only","MultinomialLasso",0.466292134831461
5.3,13,5,"ILR_only","Mahalanobis",0.404494382022472
5.3,13,5,"CDPA_only","RF",0.719101123595506
5.3,13,5,"CDPA_only","MultinomialLasso",0.702247191011236
5.3,13,5,"CDPA_only","Mahalanobis",0.544943820224719
5.3,14,1,"ILR_CDPA","RF",0.728260869565217
5.3,14,1,"ILR_CDPA","MultinomialLasso",0.733695652173913
5.3,14,1,"ILR_CDPA","Mahalanobis",0.58695652173913
5.3,14,1,"ILR_only","RF",0.483695652173913
5.3,14,1,"ILR_only","MultinomialLasso",0.46195652173913
5.3,14,1,"ILR_only","Mahalanobis",0.440217391304348
5.3,14,1,"CDPA_only","RF",0.71195652173913
5.3,14,1,"CDPA_only","MultinomialLasso",0.71195652173913
5.3,14,1,"CDPA_only","Mahalanobis",0.53804347826087
5.3,14,2,"ILR_CDPA","RF",0.781420765027322
5.3,14,2,"ILR_CDPA","MultinomialLasso",0.754098360655738
5.3,14,2,"ILR_CDPA","Mahalanobis",0.622950819672131
5.3,14,2,"ILR_only","RF",0.475409836065574
5.3,14,2,"ILR_only","MultinomialLasso",0.486338797814208
5.3,14,2,"ILR_only","Mahalanobis",0.404371584699454
5.3,14,2,"CDPA_only","RF",0.770491803278688
5.3,14,2,"CDPA_only","MultinomialLasso",0.748633879781421
5.3,14,2,"CDPA_only","Mahalanobis",0.546448087431694
5.3,14,3,"ILR_CDPA","RF",0.744444444444444
5.3,14,3,"ILR_CDPA","MultinomialLasso",0.738888888888889
5.3,14,3,"ILR_CDPA","Mahalanobis",0.616666666666667
5.3,14,3,"ILR_only","RF",0.533333333333333
5.3,14,3,"ILR_only","MultinomialLasso",0.466666666666667
5.3,14,3,"ILR_only","Mahalanobis",0.405555555555556
5.3,14,3,"CDPA_only","RF",0.75
5.3,14,3,"CDPA_only","MultinomialLasso",0.738888888888889
5.3,14,3,"CDPA_only","Mahalanobis",0.55
5.3,14,4,"ILR_CDPA","RF",0.76536312849162
5.3,14,4,"ILR_CDPA","MultinomialLasso",0.720670391061452
5.3,14,4,"ILR_CDPA","Mahalanobis",0.513966480446927
5.3,14,4,"ILR_only","RF",0.491620111731844
5.3,14,4,"ILR_only","MultinomialLasso",0.458100558659218
5.3,14,4,"ILR_only","Mahalanobis",0.435754189944134
5.3,14,4,"CDPA_only","RF",0.715083798882682
5.3,14,4,"CDPA_only","MultinomialLasso",0.681564245810056
5.3,14,4,"CDPA_only","Mahalanobis",0.502793296089385
5.3,14,5,"ILR_CDPA","RF",0.780898876404494
5.3,14,5,"ILR_CDPA","MultinomialLasso",0.758426966292135
5.3,14,5,"ILR_CDPA","Mahalanobis",0.595505617977528
5.3,14,5,"ILR_only","RF",0.48314606741573
5.3,14,5,"ILR_only","MultinomialLasso",0.471910112359551
5.3,14,5,"ILR_only","Mahalanobis",0.398876404494382
5.3,14,5,"CDPA_only","RF",0.719101123595506
5.3,14,5,"CDPA_only","MultinomialLasso",0.735955056179775
5.3,14,5,"CDPA_only","Mahalanobis",0.556179775280899
5.3,15,1,"ILR_CDPA","RF",0.733695652173913
5.3,15,1,"ILR_CDPA","MultinomialLasso",0.728260869565217
5.3,15,1,"ILR_CDPA","Mahalanobis",0.58695652173913
5.3,15,1,"ILR_only","RF",0.5
5.3,15,1,"ILR_only","MultinomialLasso",0.46195652173913
5.3,15,1,"ILR_only","Mahalanobis",0.402173913043478
5.3,15,1,"CDPA_only","RF",0.71195652173913
5.3,15,1,"CDPA_only","MultinomialLasso",0.722826086956522
5.3,15,1,"CDPA_only","Mahalanobis",0.581521739130435
5.3,15,2,"ILR_CDPA","RF",0.759562841530055
5.3,15,2,"ILR_CDPA","MultinomialLasso",0.786885245901639
5.3,15,2,"ILR_CDPA","Mahalanobis",0.562841530054645
5.3,15,2,"ILR_only","RF",0.448087431693989
5.3,15,2,"ILR_only","MultinomialLasso",0.469945355191257
5.3,15,2,"ILR_only","Mahalanobis",0.442622950819672
5.3,15,2,"CDPA_only","RF",0.73224043715847
5.3,15,2,"CDPA_only","MultinomialLasso",0.737704918032787
5.3,15,2,"CDPA_only","Mahalanobis",0.551912568306011
5.3,15,3,"ILR_CDPA","RF",0.777777777777778
5.3,15,3,"ILR_CDPA","MultinomialLasso",0.783333333333333
5.3,15,3,"ILR_CDPA","Mahalanobis",0.672222222222222
5.3,15,3,"ILR_only","RF",0.483333333333333
5.3,15,3,"ILR_only","MultinomialLasso",0.494444444444444
5.3,15,3,"ILR_only","Mahalanobis",0.416666666666667
5.3,15,3,"CDPA_only","RF",0.733333333333333
5.3,15,3,"CDPA_only","MultinomialLasso",0.755555555555556
5.3,15,3,"CDPA_only","Mahalanobis",0.555555555555556
5.3,15,4,"ILR_CDPA","RF",0.698324022346369
5.3,15,4,"ILR_CDPA","MultinomialLasso",0.715083798882682
5.3,15,4,"ILR_CDPA","Mahalanobis",0.575418994413408
5.3,15,4,"ILR_only","RF",0.508379888268156
5.3,15,4,"ILR_only","MultinomialLasso",0.458100558659218
5.3,15,4,"ILR_only","Mahalanobis",0.385474860335196
5.3,15,4,"CDPA_only","RF",0.687150837988827
5.3,15,4,"CDPA_only","MultinomialLasso",0.720670391061452
5.3,15,4,"CDPA_only","Mahalanobis",0.513966480446927
5.3,15,5,"ILR_CDPA","RF",0.769662921348315
5.3,15,5,"ILR_CDPA","MultinomialLasso",0.752808988764045
5.3,15,5,"ILR_CDPA","Mahalanobis",0.573033707865168
5.3,15,5,"ILR_only","RF",0.48876404494382
5.3,15,5,"ILR_only","MultinomialLasso",0.460674157303371
5.3,15,5,"ILR_only","Mahalanobis",0.398876404494382
5.3,15,5,"CDPA_only","RF",0.730337078651685
5.3,15,5,"CDPA_only","MultinomialLasso",0.741573033707865
5.3,15,5,"CDPA_only","Mahalanobis",0.539325842696629
5.3,16,1,"ILR_CDPA","RF",0.744565217391304
5.3,16,1,"ILR_CDPA","MultinomialLasso",0.733695652173913
5.3,16,1,"ILR_CDPA","Mahalanobis",0.581521739130435
5.3,16,1,"ILR_only","RF",0.505434782608696
5.3,16,1,"ILR_only","MultinomialLasso",0.489130434782609
5.3,16,1,"ILR_only","Mahalanobis",0.41304347826087
5.3,16,1,"CDPA_only","RF",0.722826086956522
5.3,16,1,"CDPA_only","MultinomialLasso",0.728260869565217
5.3,16,1,"CDPA_only","Mahalanobis",0.548913043478261
5.3,16,2,"ILR_CDPA","RF",0.765027322404372
5.3,16,2,"ILR_CDPA","MultinomialLasso",0.765027322404372
5.3,16,2,"ILR_CDPA","Mahalanobis",0.622950819672131
5.3,16,2,"ILR_only","RF",0.46448087431694
5.3,16,2,"ILR_only","MultinomialLasso",0.46448087431694
5.3,16,2,"ILR_only","Mahalanobis",0.437158469945355
5.3,16,2,"CDPA_only","RF",0.710382513661202
5.3,16,2,"CDPA_only","MultinomialLasso",0.743169398907104
5.3,16,2,"CDPA_only","Mahalanobis",0.540983606557377
5.3,16,3,"ILR_CDPA","RF",0.711111111111111
5.3,16,3,"ILR_CDPA","MultinomialLasso",0.722222222222222
5.3,16,3,"ILR_CDPA","Mahalanobis",0.594444444444444
5.3,16,3,"ILR_only","RF",0.533333333333333
5.3,16,3,"ILR_only","MultinomialLasso",0.472222222222222
5.3,16,3,"ILR_only","Mahalanobis",0.433333333333333
5.3,16,3,"CDPA_only","RF",0.7
5.3,16,3,"CDPA_only","MultinomialLasso",0.694444444444444
5.3,16,3,"CDPA_only","Mahalanobis",0.477777777777778
5.3,16,4,"ILR_CDPA","RF",0.770949720670391
5.3,16,4,"ILR_CDPA","MultinomialLasso",0.759776536312849
5.3,16,4,"ILR_CDPA","Mahalanobis",0.569832402234637
5.3,16,4,"ILR_only","RF",0.435754189944134
5.3,16,4,"ILR_only","MultinomialLasso",0.441340782122905
5.3,16,4,"ILR_only","Mahalanobis",0.340782122905028
5.3,16,4,"CDPA_only","RF",0.743016759776536
5.3,16,4,"CDPA_only","MultinomialLasso",0.754189944134078
5.3,16,4,"CDPA_only","Mahalanobis",0.581005586592179
5.3,16,5,"ILR_CDPA","RF",0.775280898876405
5.3,16,5,"ILR_CDPA","MultinomialLasso",0.758426966292135
5.3,16,5,"ILR_CDPA","Mahalanobis",0.539325842696629
5.3,16,5,"ILR_only","RF",0.51685393258427
5.3,16,5,"ILR_only","MultinomialLasso",0.471910112359551
5.3,16,5,"ILR_only","Mahalanobis",0.393258426966292
5.3,16,5,"CDPA_only","RF",0.747191011235955
5.3,16,5,"CDPA_only","MultinomialLasso",0.741573033707865
5.3,16,5,"CDPA_only","Mahalanobis",0.533707865168539
5.3,17,1,"ILR_CDPA","RF",0.78804347826087
5.3,17,1,"ILR_CDPA","MultinomialLasso",0.728260869565217
5.3,17,1,"ILR_CDPA","Mahalanobis",0.592391304347826
5.3,17,1,"ILR_only","RF",0.521739130434783
5.3,17,1,"ILR_only","MultinomialLasso",0.478260869565217
5.3,17,1,"ILR_only","Mahalanobis",0.440217391304348
5.3,17,1,"CDPA_only","RF",0.777173913043478
5.3,17,1,"CDPA_only","MultinomialLasso",0.706521739130435
5.3,17,1,"CDPA_only","Mahalanobis",0.489130434782609
5.3,17,2,"ILR_CDPA","RF",0.754098360655738
5.3,17,2,"ILR_CDPA","MultinomialLasso",0.765027322404372
5.3,17,2,"ILR_CDPA","Mahalanobis",0.622950819672131
5.3,17,2,"ILR_only","RF",0.459016393442623
5.3,17,2,"ILR_only","MultinomialLasso",0.469945355191257
5.3,17,2,"ILR_only","Mahalanobis",0.420765027322404
5.3,17,2,"CDPA_only","RF",0.748633879781421
5.3,17,2,"CDPA_only","MultinomialLasso",0.754098360655738
5.3,17,2,"CDPA_only","Mahalanobis",0.59016393442623
5.3,17,3,"ILR_CDPA","RF",0.772222222222222
5.3,17,3,"ILR_CDPA","MultinomialLasso",0.805555555555556
5.3,17,3,"ILR_CDPA","Mahalanobis",0.605555555555556
5.3,17,3,"ILR_only","RF",0.466666666666667
5.3,17,3,"ILR_only","MultinomialLasso",0.461111111111111
5.3,17,3,"ILR_only","Mahalanobis",0.416666666666667
5.3,17,3,"CDPA_only","RF",0.716666666666667
5.3,17,3,"CDPA_only","MultinomialLasso",0.755555555555556
5.3,17,3,"CDPA_only","Mahalanobis",0.555555555555556
5.3,17,4,"ILR_CDPA","RF",0.748603351955307
5.3,17,4,"ILR_CDPA","MultinomialLasso",0.720670391061452
5.3,17,4,"ILR_CDPA","Mahalanobis",0.581005586592179
5.3,17,4,"ILR_only","RF",0.513966480446927
5.3,17,4,"ILR_only","MultinomialLasso",0.474860335195531
5.3,17,4,"ILR_only","Mahalanobis",0.480446927374302
5.3,17,4,"CDPA_only","RF",0.731843575418994
5.3,17,4,"CDPA_only","MultinomialLasso",0.692737430167598
5.3,17,4,"CDPA_only","Mahalanobis",0.508379888268156
5.3,17,5,"ILR_CDPA","RF",0.691011235955056
5.3,17,5,"ILR_CDPA","MultinomialLasso",0.747191011235955
5.3,17,5,"ILR_CDPA","Mahalanobis",0.556179775280899
5.3,17,5,"ILR_only","RF",0.47752808988764
5.3,17,5,"ILR_only","MultinomialLasso",0.443820224719101
5.3,17,5,"ILR_only","Mahalanobis",0.342696629213483
5.3,17,5,"CDPA_only","RF",0.674157303370786
5.3,17,5,"CDPA_only","MultinomialLasso",0.747191011235955
5.3,17,5,"CDPA_only","Mahalanobis",0.567415730337079
5.3,18,1,"ILR_CDPA","RF",0.755434782608696
5.3,18,1,"ILR_CDPA","MultinomialLasso",0.777173913043478
5.3,18,1,"ILR_CDPA","Mahalanobis",0.630434782608696
5.3,18,1,"ILR_only","RF",0.532608695652174
5.3,18,1,"ILR_only","MultinomialLasso",0.483695652173913
5.3,18,1,"ILR_only","Mahalanobis",0.46195652173913
5.3,18,1,"CDPA_only","RF",0.739130434782609
5.3,18,1,"CDPA_only","MultinomialLasso",0.728260869565217
5.3,18,1,"CDPA_only","Mahalanobis",0.570652173913043
5.3,18,2,"ILR_CDPA","RF",0.770491803278688
5.3,18,2,"ILR_CDPA","MultinomialLasso",0.770491803278688
5.3,18,2,"ILR_CDPA","Mahalanobis",0.628415300546448
5.3,18,2,"ILR_only","RF",0.513661202185792
5.3,18,2,"ILR_only","MultinomialLasso",0.486338797814208
5.3,18,2,"ILR_only","Mahalanobis",0.420765027322404
5.3,18,2,"CDPA_only","RF",0.726775956284153
5.3,18,2,"CDPA_only","MultinomialLasso",0.748633879781421
5.3,18,2,"CDPA_only","Mahalanobis",0.562841530054645
5.3,18,3,"ILR_CDPA","RF",0.738888888888889
5.3,18,3,"ILR_CDPA","MultinomialLasso",0.694444444444444
5.3,18,3,"ILR_CDPA","Mahalanobis",0.572222222222222
5.3,18,3,"ILR_only","RF",0.466666666666667
5.3,18,3,"ILR_only","MultinomialLasso",0.466666666666667
5.3,18,3,"ILR_only","Mahalanobis",0.405555555555556
5.3,18,3,"CDPA_only","RF",0.716666666666667
5.3,18,3,"CDPA_only","MultinomialLasso",0.711111111111111
5.3,18,3,"CDPA_only","Mahalanobis",0.533333333333333
5.3,18,4,"ILR_CDPA","RF",0.76536312849162
5.3,18,4,"ILR_CDPA","MultinomialLasso",0.776536312849162
5.3,18,4,"ILR_CDPA","Mahalanobis",0.597765363128492
5.3,18,4,"ILR_only","RF",0.491620111731844
5.3,18,4,"ILR_only","MultinomialLasso",0.491620111731844
5.3,18,4,"ILR_only","Mahalanobis",0.407821229050279
5.3,18,4,"CDPA_only","RF",0.743016759776536
5.3,18,4,"CDPA_only","MultinomialLasso",0.743016759776536
5.3,18,4,"CDPA_only","Mahalanobis",0.525139664804469
5.3,18,5,"ILR_CDPA","RF",0.747191011235955
5.3,18,5,"ILR_CDPA","MultinomialLasso",0.724719101123595
5.3,18,5,"ILR_CDPA","Mahalanobis",0.584269662921348
5.3,18,5,"ILR_only","RF",0.449438202247191
5.3,18,5,"ILR_only","MultinomialLasso",0.443820224719101
5.3,18,5,"ILR_only","Mahalanobis",0.376404494382022
5.3,18,5,"CDPA_only","RF",0.719101123595506
5.3,18,5,"CDPA_only","MultinomialLasso",0.691011235955056
5.3,18,5,"CDPA_only","Mahalanobis",0.578651685393258
5.3,19,1,"ILR_CDPA","RF",0.706521739130435
5.3,19,1,"ILR_CDPA","MultinomialLasso",0.75
5.3,19,1,"ILR_CDPA","Mahalanobis",0.608695652173913
5.3,19,1,"ILR_only","RF",0.478260869565217
5.3,19,1,"ILR_only","MultinomialLasso",0.472826086956522
5.3,19,1,"ILR_only","Mahalanobis",0.451086956521739
5.3,19,1,"CDPA_only","RF",0.657608695652174
5.3,19,1,"CDPA_only","MultinomialLasso",0.717391304347826
5.3,19,1,"CDPA_only","Mahalanobis",0.554347826086957
5.3,19,2,"ILR_CDPA","RF",0.748633879781421
5.3,19,2,"ILR_CDPA","MultinomialLasso",0.693989071038251
5.3,19,2,"ILR_CDPA","Mahalanobis",0.513661202185792
5.3,19,2,"ILR_only","RF",0.486338797814208
5.3,19,2,"ILR_only","MultinomialLasso",0.459016393442623
5.3,19,2,"ILR_only","Mahalanobis",0.360655737704918
5.3,19,2,"CDPA_only","RF",0.672131147540984
5.3,19,2,"CDPA_only","MultinomialLasso",0.704918032786885
5.3,19,2,"CDPA_only","Mahalanobis",0.502732240437158
5.3,19,3,"ILR_CDPA","RF",0.727777777777778
5.3,19,3,"ILR_CDPA","MultinomialLasso",0.761111111111111
5.3,19,3,"ILR_CDPA","Mahalanobis",0.577777777777778
5.3,19,3,"ILR_only","RF",0.511111111111111
5.3,19,3,"ILR_only","MultinomialLasso",0.455555555555556
5.3,19,3,"ILR_only","Mahalanobis",0.411111111111111
5.3,19,3,"CDPA_only","RF",0.688888888888889
5.3,19,3,"CDPA_only","MultinomialLasso",0.705555555555556
5.3,19,3,"CDPA_only","Mahalanobis",0.522222222222222
5.3,19,4,"ILR_CDPA","RF",0.804469273743017
5.3,19,4,"ILR_CDPA","MultinomialLasso",0.798882681564246
5.3,19,4,"ILR_CDPA","Mahalanobis",0.58659217877095
5.3,19,4,"ILR_only","RF",0.491620111731844
5.3,19,4,"ILR_only","MultinomialLasso",0.480446927374302
5.3,19,4,"ILR_only","Mahalanobis",0.368715083798883
5.3,19,4,"CDPA_only","RF",0.776536312849162
5.3,19,4,"CDPA_only","MultinomialLasso",0.776536312849162
5.3,19,4,"CDPA_only","Mahalanobis",0.581005586592179
5.3,19,5,"ILR_CDPA","RF",0.764044943820225
5.3,19,5,"ILR_CDPA","MultinomialLasso",0.769662921348315
5.3,19,5,"ILR_CDPA","Mahalanobis",0.674157303370786
5.3,19,5,"ILR_only","RF",0.51123595505618
5.3,19,5,"ILR_only","MultinomialLasso",0.47752808988764
5.3,19,5,"ILR_only","Mahalanobis",0.466292134831461
5.3,19,5,"CDPA_only","RF",0.769662921348315
5.3,19,5,"CDPA_only","MultinomialLasso",0.735955056179775
5.3,19,5,"CDPA_only","Mahalanobis",0.578651685393258
5.3,20,1,"ILR_CDPA","RF",0.771739130434783
5.3,20,1,"ILR_CDPA","MultinomialLasso",0.739130434782609
5.3,20,1,"ILR_CDPA","Mahalanobis",0.592391304347826
5.3,20,1,"ILR_only","RF",0.5
5.3,20,1,"ILR_only","MultinomialLasso",0.472826086956522
5.3,20,1,"ILR_only","Mahalanobis",0.440217391304348
5.3,20,1,"CDPA_only","RF",0.717391304347826
5.3,20,1,"CDPA_only","MultinomialLasso",0.728260869565217
5.3,20,1,"CDPA_only","Mahalanobis",0.532608695652174
5.3,20,2,"ILR_CDPA","RF",0.765027322404372
5.3,20,2,"ILR_CDPA","MultinomialLasso",0.781420765027322
5.3,20,2,"ILR_CDPA","Mahalanobis",0.59016393442623
5.3,20,2,"ILR_only","RF",0.502732240437158
5.3,20,2,"ILR_only","MultinomialLasso",0.469945355191257
5.3,20,2,"ILR_only","Mahalanobis",0.420765027322404
5.3,20,2,"CDPA_only","RF",0.699453551912568
5.3,20,2,"CDPA_only","MultinomialLasso",0.726775956284153
5.3,20,2,"CDPA_only","Mahalanobis",0.524590163934426
5.3,20,3,"ILR_CDPA","RF",0.805555555555556
5.3,20,3,"ILR_CDPA","MultinomialLasso",0.766666666666667
5.3,20,3,"ILR_CDPA","Mahalanobis",0.655555555555556
5.3,20,3,"ILR_only","RF",0.466666666666667
5.3,20,3,"ILR_only","MultinomialLasso",0.477777777777778
5.3,20,3,"ILR_only","Mahalanobis",0.455555555555556
5.3,20,3,"CDPA_only","RF",0.805555555555556
5.3,20,3,"CDPA_only","MultinomialLasso",0.766666666666667
5.3,20,3,"CDPA_only","Mahalanobis",0.6
5.3,20,4,"ILR_CDPA","RF",0.754189944134078
5.3,20,4,"ILR_CDPA","MultinomialLasso",0.737430167597765
5.3,20,4,"ILR_CDPA","Mahalanobis",0.592178770949721
5.3,20,4,"ILR_only","RF",0.474860335195531
5.3,20,4,"ILR_only","MultinomialLasso",0.46927374301676
5.3,20,4,"ILR_only","Mahalanobis",0.407821229050279
5.3,20,4,"CDPA_only","RF",0.720670391061452
5.3,20,4,"CDPA_only","MultinomialLasso",0.698324022346369
5.3,20,4,"CDPA_only","Mahalanobis",0.558659217877095
5.3,20,5,"ILR_CDPA","RF",0.691011235955056
5.3,20,5,"ILR_CDPA","MultinomialLasso",0.719101123595506
5.3,20,5,"ILR_CDPA","Mahalanobis",0.573033707865168
5.3,20,5,"ILR_only","RF",0.466292134831461
5.3,20,5,"ILR_only","MultinomialLasso",0.455056179775281
5.3,20,5,"ILR_only","Mahalanobis",0.376404494382022
5.3,20,5,"CDPA_only","RF",0.685393258426966
5.3,20,5,"CDPA_only","MultinomialLasso",0.702247191011236
5.3,20,5,"CDPA_only","Mahalanobis",0.556179775280899
12,1,1,"ILR_CDPA","RF",0.641304347826087
12,1,1,"ILR_CDPA","MultinomialLasso",0.668478260869565
12,1,1,"ILR_CDPA","Mahalanobis",0.429347826086957
12,1,1,"ILR_only","RF",0.342391304347826
12,1,1,"ILR_only","MultinomialLasso",0.380434782608696
12,1,1,"ILR_only","Mahalanobis",0.282608695652174
12,1,1,"CDPA_only","RF",0.635869565217391
12,1,1,"CDPA_only","MultinomialLasso",0.66304347826087
12,1,1,"CDPA_only","Mahalanobis",0.402173913043478
12,1,2,"ILR_CDPA","RF",0.655737704918033
12,1,2,"ILR_CDPA","MultinomialLasso",0.644808743169399
12,1,2,"ILR_CDPA","Mahalanobis",0.398907103825137
12,1,2,"ILR_only","RF",0.333333333333333
12,1,2,"ILR_only","MultinomialLasso",0.377049180327869
12,1,2,"ILR_only","Mahalanobis",0.229508196721311
12,1,2,"CDPA_only","RF",0.6775956284153
12,1,2,"CDPA_only","MultinomialLasso",0.60655737704918
12,1,2,"CDPA_only","Mahalanobis",0.40983606557377
12,1,3,"ILR_CDPA","RF",0.705555555555556
12,1,3,"ILR_CDPA","MultinomialLasso",0.694444444444444
12,1,3,"ILR_CDPA","Mahalanobis",0.361111111111111
12,1,3,"ILR_only","RF",0.427777777777778
12,1,3,"ILR_only","MultinomialLasso",0.366666666666667
12,1,3,"ILR_only","Mahalanobis",0.272222222222222
12,1,3,"CDPA_only","RF",0.688888888888889
12,1,3,"CDPA_only","MultinomialLasso",0.672222222222222
12,1,3,"CDPA_only","Mahalanobis",0.344444444444444
12,1,4,"ILR_CDPA","RF",0.76536312849162
12,1,4,"ILR_CDPA","MultinomialLasso",0.698324022346369
12,1,4,"ILR_CDPA","Mahalanobis",0.458100558659218
12,1,4,"ILR_only","RF",0.335195530726257
12,1,4,"ILR_only","MultinomialLasso",0.385474860335196
12,1,4,"ILR_only","Mahalanobis",0.273743016759777
12,1,4,"CDPA_only","RF",0.731843575418994
12,1,4,"CDPA_only","MultinomialLasso",0.687150837988827
12,1,4,"CDPA_only","Mahalanobis",0.391061452513966
12,1,5,"ILR_CDPA","RF",0.702247191011236
12,1,5,"ILR_CDPA","MultinomialLasso",0.657303370786517
12,1,5,"ILR_CDPA","Mahalanobis",0.393258426966292
12,1,5,"ILR_only","RF",0.359550561797753
12,1,5,"ILR_only","MultinomialLasso",0.410112359550562
12,1,5,"ILR_only","Mahalanobis",0.247191011235955
12,1,5,"CDPA_only","RF",0.674157303370786
12,1,5,"CDPA_only","MultinomialLasso",0.629213483146067
12,1,5,"CDPA_only","Mahalanobis",0.426966292134831
12,2,1,"ILR_CDPA","RF",0.71195652173913
12,2,1,"ILR_CDPA","MultinomialLasso",0.668478260869565
12,2,1,"ILR_CDPA","Mahalanobis",0.423913043478261
12,2,1,"ILR_only","RF",0.358695652173913
12,2,1,"ILR_only","MultinomialLasso",0.375
12,2,1,"ILR_only","Mahalanobis",0.28804347826087
12,2,1,"CDPA_only","RF",0.684782608695652
12,2,1,"CDPA_only","MultinomialLasso",0.652173913043478
12,2,1,"CDPA_only","Mahalanobis",0.385869565217391
12,2,2,"ILR_CDPA","RF",0.721311475409836
12,2,2,"ILR_CDPA","MultinomialLasso",0.672131147540984
12,2,2,"ILR_CDPA","Mahalanobis",0.382513661202186
12,2,2,"ILR_only","RF",0.3224043715847
12,2,2,"ILR_only","MultinomialLasso",0.377049180327869
12,2,2,"ILR_only","Mahalanobis",0.234972677595628
12,2,2,"CDPA_only","RF",0.710382513661202
12,2,2,"CDPA_only","MultinomialLasso",0.644808743169399
12,2,2,"CDPA_only","Mahalanobis",0.382513661202186
12,2,3,"ILR_CDPA","RF",0.677777777777778
12,2,3,"ILR_CDPA","MultinomialLasso",0.705555555555556
12,2,3,"ILR_CDPA","Mahalanobis",0.433333333333333
12,2,3,"ILR_only","RF",0.394444444444444
12,2,3,"ILR_only","MultinomialLasso",0.411111111111111
12,2,3,"ILR_only","Mahalanobis",0.272222222222222
12,2,3,"CDPA_only","RF",0.683333333333333
12,2,3,"CDPA_only","MultinomialLasso",0.694444444444444
12,2,3,"CDPA_only","Mahalanobis",0.411111111111111
12,2,4,"ILR_CDPA","RF",0.737430167597765
12,2,4,"ILR_CDPA","MultinomialLasso",0.653631284916201
12,2,4,"ILR_CDPA","Mahalanobis",0.418994413407821
12,2,4,"ILR_only","RF",0.374301675977654
12,2,4,"ILR_only","MultinomialLasso",0.374301675977654
12,2,4,"ILR_only","Mahalanobis",0.240223463687151
12,2,4,"CDPA_only","RF",0.737430167597765
12,2,4,"CDPA_only","MultinomialLasso",0.64804469273743
12,2,4,"CDPA_only","Mahalanobis",0.418994413407821
12,2,5,"ILR_CDPA","RF",0.634831460674157
12,2,5,"ILR_CDPA","MultinomialLasso",0.674157303370786
12,2,5,"ILR_CDPA","Mahalanobis",0.359550561797753
12,2,5,"ILR_only","RF",0.320224719101124
12,2,5,"ILR_only","MultinomialLasso",0.382022471910112
12,2,5,"ILR_only","Mahalanobis",0.247191011235955
12,2,5,"CDPA_only","RF",0.668539325842697
12,2,5,"CDPA_only","MultinomialLasso",0.662921348314607
12,2,5,"CDPA_only","Mahalanobis",0.393258426966292
12,3,1,"ILR_CDPA","RF",0.668478260869565
12,3,1,"ILR_CDPA","MultinomialLasso",0.66304347826087
12,3,1,"ILR_CDPA","Mahalanobis",0.396739130434783
12,3,1,"ILR_only","RF",0.342391304347826
12,3,1,"ILR_only","MultinomialLasso",0.380434782608696
12,3,1,"ILR_only","Mahalanobis",0.239130434782609
12,3,1,"CDPA_only","RF",0.684782608695652
12,3,1,"CDPA_only","MultinomialLasso",0.657608695652174
12,3,1,"CDPA_only","Mahalanobis",0.396739130434783
12,3,2,"ILR_CDPA","RF",0.715846994535519
12,3,2,"ILR_CDPA","MultinomialLasso",0.655737704918033
12,3,2,"ILR_CDPA","Mahalanobis",0.404371584699454
12,3,2,"ILR_only","RF",0.344262295081967
12,3,2,"ILR_only","MultinomialLasso",0.404371584699454
12,3,2,"ILR_only","Mahalanobis",0.229508196721311
12,3,2,"CDPA_only","RF",0.693989071038251
12,3,2,"CDPA_only","MultinomialLasso",0.633879781420765
12,3,2,"CDPA_only","Mahalanobis",0.426229508196721
12,3,3,"ILR_CDPA","RF",0.694444444444444
12,3,3,"ILR_CDPA","MultinomialLasso",0.694444444444444
12,3,3,"ILR_CDPA","Mahalanobis",0.405555555555556
12,3,3,"ILR_only","RF",0.377777777777778
12,3,3,"ILR_only","MultinomialLasso",0.361111111111111
12,3,3,"ILR_only","Mahalanobis",0.238888888888889
12,3,3,"CDPA_only","RF",0.683333333333333
12,3,3,"CDPA_only","MultinomialLasso",0.683333333333333
12,3,3,"CDPA_only","Mahalanobis",0.427777777777778
12,3,4,"ILR_CDPA","RF",0.731843575418994
12,3,4,"ILR_CDPA","MultinomialLasso",0.681564245810056
12,3,4,"ILR_CDPA","Mahalanobis",0.418994413407821
12,3,4,"ILR_only","RF",0.329608938547486
12,3,4,"ILR_only","MultinomialLasso",0.385474860335196
12,3,4,"ILR_only","Mahalanobis",0.251396648044693
12,3,4,"CDPA_only","RF",0.698324022346369
12,3,4,"CDPA_only","MultinomialLasso",0.664804469273743
12,3,4,"CDPA_only","Mahalanobis",0.374301675977654
12,3,5,"ILR_CDPA","RF",0.651685393258427
12,3,5,"ILR_CDPA","MultinomialLasso",0.651685393258427
12,3,5,"ILR_CDPA","Mahalanobis",0.337078651685393
12,3,5,"ILR_only","RF",0.365168539325843
12,3,5,"ILR_only","MultinomialLasso",0.393258426966292
12,3,5,"ILR_only","Mahalanobis",0.258426966292135
12,3,5,"CDPA_only","RF",0.651685393258427
12,3,5,"CDPA_only","MultinomialLasso",0.623595505617977
12,3,5,"CDPA_only","Mahalanobis",0.398876404494382
12,4,1,"ILR_CDPA","RF",0.701086956521739
12,4,1,"ILR_CDPA","MultinomialLasso",0.706521739130435
12,4,1,"ILR_CDPA","Mahalanobis",0.467391304347826
12,4,1,"ILR_only","RF",0.326086956521739
12,4,1,"ILR_only","MultinomialLasso",0.347826086956522
12,4,1,"ILR_only","Mahalanobis",0.293478260869565
12,4,1,"CDPA_only","RF",0.690217391304348
12,4,1,"CDPA_only","MultinomialLasso",0.66304347826087
12,4,1,"CDPA_only","Mahalanobis",0.445652173913043
12,4,2,"ILR_CDPA","RF",0.693989071038251
12,4,2,"ILR_CDPA","MultinomialLasso",0.639344262295082
12,4,2,"ILR_CDPA","Mahalanobis",0.366120218579235
12,4,2,"ILR_only","RF",0.360655737704918
12,4,2,"ILR_only","MultinomialLasso",0.398907103825137
12,4,2,"ILR_only","Mahalanobis",0.19672131147541
12,4,2,"CDPA_only","RF",0.66120218579235
12,4,2,"CDPA_only","MultinomialLasso",0.617486338797814
12,4,2,"CDPA_only","Mahalanobis",0.33879781420765
12,4,3,"ILR_CDPA","RF",0.705555555555556
12,4,3,"ILR_CDPA","MultinomialLasso",0.627777777777778
12,4,3,"ILR_CDPA","Mahalanobis",0.35
12,4,3,"ILR_only","RF",0.35
12,4,3,"ILR_only","MultinomialLasso",0.394444444444444
12,4,3,"ILR_only","Mahalanobis",0.238888888888889
12,4,3,"CDPA_only","RF",0.711111111111111
12,4,3,"CDPA_only","MultinomialLasso",0.638888888888889
12,4,3,"CDPA_only","Mahalanobis",0.366666666666667
12,4,4,"ILR_CDPA","RF",0.748603351955307
12,4,4,"ILR_CDPA","MultinomialLasso",0.664804469273743
12,4,4,"ILR_CDPA","Mahalanobis",0.407821229050279
12,4,4,"ILR_only","RF",0.385474860335196
12,4,4,"ILR_only","MultinomialLasso",0.396648044692737
12,4,4,"ILR_only","Mahalanobis",0.301675977653631
12,4,4,"CDPA_only","RF",0.731843575418994
12,4,4,"CDPA_only","MultinomialLasso",0.659217877094972
12,4,4,"CDPA_only","Mahalanobis",0.458100558659218
12,4,5,"ILR_CDPA","RF",0.685393258426966
12,4,5,"ILR_CDPA","MultinomialLasso",0.707865168539326
12,4,5,"ILR_CDPA","Mahalanobis",0.415730337078652
12,4,5,"ILR_only","RF",0.348314606741573
12,4,5,"ILR_only","MultinomialLasso",0.382022471910112
12,4,5,"ILR_only","Mahalanobis",0.264044943820225
12,4,5,"CDPA_only","RF",0.674157303370786
12,4,5,"CDPA_only","MultinomialLasso",0.685393258426966
12,4,5,"CDPA_only","Mahalanobis",0.426966292134831
12,5,1,"ILR_CDPA","RF",0.695652173913043
12,5,1,"ILR_CDPA","MultinomialLasso",0.657608695652174
12,5,1,"ILR_CDPA","Mahalanobis",0.451086956521739
12,5,1,"ILR_only","RF",0.429347826086957
12,5,1,"ILR_only","MultinomialLasso",0.407608695652174
12,5,1,"ILR_only","Mahalanobis",0.298913043478261
12,5,1,"CDPA_only","RF",0.684782608695652
12,5,1,"CDPA_only","MultinomialLasso",0.635869565217391
12,5,1,"CDPA_only","Mahalanobis",0.440217391304348
12,5,2,"ILR_CDPA","RF",0.715846994535519
12,5,2,"ILR_CDPA","MultinomialLasso",0.622950819672131
12,5,2,"ILR_CDPA","Mahalanobis",0.327868852459016
12,5,2,"ILR_only","RF",0.344262295081967
12,5,2,"ILR_only","MultinomialLasso",0.360655737704918
12,5,2,"ILR_only","Mahalanobis",0.19672131147541
12,5,2,"CDPA_only","RF",0.693989071038251
12,5,2,"CDPA_only","MultinomialLasso",0.633879781420765
12,5,2,"CDPA_only","Mahalanobis",0.3224043715847
12,5,3,"ILR_CDPA","RF",0.683333333333333
12,5,3,"ILR_CDPA","MultinomialLasso",0.661111111111111
12,5,3,"ILR_CDPA","Mahalanobis",0.444444444444444
12,5,3,"ILR_only","RF",0.4
12,5,3,"ILR_only","MultinomialLasso",0.394444444444444
12,5,3,"ILR_only","Mahalanobis",0.255555555555556
12,5,3,"CDPA_only","RF",0.688888888888889
12,5,3,"CDPA_only","MultinomialLasso",0.688888888888889
12,5,3,"CDPA_only","Mahalanobis",0.427777777777778
12,5,4,"ILR_CDPA","RF",0.687150837988827
12,5,4,"ILR_CDPA","MultinomialLasso",0.681564245810056
12,5,4,"ILR_CDPA","Mahalanobis",0.41340782122905
12,5,4,"ILR_only","RF",0.368715083798883
12,5,4,"ILR_only","MultinomialLasso",0.391061452513966
12,5,4,"ILR_only","Mahalanobis",0.201117318435754
12,5,4,"CDPA_only","RF",0.687150837988827
12,5,4,"CDPA_only","MultinomialLasso",0.64804469273743
12,5,4,"CDPA_only","Mahalanobis",0.391061452513966
12,5,5,"ILR_CDPA","RF",0.719101123595506
12,5,5,"ILR_CDPA","MultinomialLasso",0.707865168539326
12,5,5,"ILR_CDPA","Mahalanobis",0.460674157303371
12,5,5,"ILR_only","RF",0.353932584269663
12,5,5,"ILR_only","MultinomialLasso",0.370786516853933
12,5,5,"ILR_only","Mahalanobis",0.292134831460674
12,5,5,"CDPA_only","RF",0.730337078651685
12,5,5,"CDPA_only","MultinomialLasso",0.691011235955056
12,5,5,"CDPA_only","Mahalanobis",0.421348314606742
12,6,1,"ILR_CDPA","RF",0.701086956521739
12,6,1,"ILR_CDPA","MultinomialLasso",0.66304347826087
12,6,1,"ILR_CDPA","Mahalanobis",0.385869565217391
12,6,1,"ILR_only","RF",0.396739130434783
12,6,1,"ILR_only","MultinomialLasso",0.358695652173913
12,6,1,"ILR_only","Mahalanobis",0.195652173913043
12,6,1,"CDPA_only","RF",0.706521739130435
12,6,1,"CDPA_only","MultinomialLasso",0.641304347826087
12,6,1,"CDPA_only","Mahalanobis",0.385869565217391
12,6,2,"ILR_CDPA","RF",0.704918032786885
12,6,2,"ILR_CDPA","MultinomialLasso",0.721311475409836
12,6,2,"ILR_CDPA","Mahalanobis",0.420765027322404
12,6,2,"ILR_only","RF",0.349726775956284
12,6,2,"ILR_only","MultinomialLasso",0.387978142076503
12,6,2,"ILR_only","Mahalanobis",0.316939890710383
12,6,2,"CDPA_only","RF",0.704918032786885
12,6,2,"CDPA_only","MultinomialLasso",0.688524590163934
12,6,2,"CDPA_only","Mahalanobis",0.39344262295082
12,6,3,"ILR_CDPA","RF",0.644444444444444
12,6,3,"ILR_CDPA","MultinomialLasso",0.655555555555556
12,6,3,"ILR_CDPA","Mahalanobis",0.405555555555556
12,6,3,"ILR_only","RF",0.333333333333333
12,6,3,"ILR_only","MultinomialLasso",0.361111111111111
12,6,3,"ILR_only","Mahalanobis",0.272222222222222
12,6,3,"CDPA_only","RF",0.655555555555556
12,6,3,"CDPA_only","MultinomialLasso",0.633333333333333
12,6,3,"CDPA_only","Mahalanobis",0.411111111111111
12,6,4,"ILR_CDPA","RF",0.720670391061452
12,6,4,"ILR_CDPA","MultinomialLasso",0.653631284916201
12,6,4,"ILR_CDPA","Mahalanobis",0.46927374301676
12,6,4,"ILR_only","RF",0.379888268156425
12,6,4,"ILR_only","MultinomialLasso",0.396648044692737
12,6,4,"ILR_only","Mahalanobis",0.256983240223464
12,6,4,"CDPA_only","RF",0.692737430167598
12,6,4,"CDPA_only","MultinomialLasso",0.664804469273743
12,6,4,"CDPA_only","Mahalanobis",0.446927374301676
12,6,5,"ILR_CDPA","RF",0.724719101123595
12,6,5,"ILR_CDPA","MultinomialLasso",0.691011235955056
12,6,5,"ILR_CDPA","Mahalanobis",0.376404494382022
12,6,5,"ILR_only","RF",0.353932584269663
12,6,5,"ILR_only","MultinomialLasso",0.410112359550562
12,6,5,"ILR_only","Mahalanobis",0.241573033707865
12,6,5,"CDPA_only","RF",0.724719101123595
12,6,5,"CDPA_only","MultinomialLasso",0.657303370786517
12,6,5,"CDPA_only","Mahalanobis",0.393258426966292
12,7,1,"ILR_CDPA","RF",0.66304347826087
12,7,1,"ILR_CDPA","MultinomialLasso",0.66304347826087
12,7,1,"ILR_CDPA","Mahalanobis",0.451086956521739
12,7,1,"ILR_only","RF",0.380434782608696
12,7,1,"ILR_only","MultinomialLasso",0.385869565217391
12,7,1,"ILR_only","Mahalanobis",0.277173913043478
12,7,1,"CDPA_only","RF",0.668478260869565
12,7,1,"CDPA_only","MultinomialLasso",0.625
12,7,1,"CDPA_only","Mahalanobis",0.380434782608696
12,7,2,"ILR_CDPA","RF",0.710382513661202
12,7,2,"ILR_CDPA","MultinomialLasso",0.710382513661202
12,7,2,"ILR_CDPA","Mahalanobis",0.426229508196721
12,7,2,"ILR_only","RF",0.349726775956284
12,7,2,"ILR_only","MultinomialLasso",0.382513661202186
12,7,2,"ILR_only","Mahalanobis",0.251366120218579
12,7,2,"CDPA_only","RF",0.710382513661202
12,7,2,"CDPA_only","MultinomialLasso",0.683060109289617
12,7,2,"CDPA_only","Mahalanobis",0.377049180327869
12,7,3,"ILR_CDPA","RF",0.705555555555556
12,7,3,"ILR_CDPA","MultinomialLasso",0.711111111111111
12,7,3,"ILR_CDPA","Mahalanobis",0.416666666666667
12,7,3,"ILR_only","RF",0.333333333333333
12,7,3,"ILR_only","MultinomialLasso",0.388888888888889
12,7,3,"ILR_only","Mahalanobis",0.255555555555556
12,7,3,"CDPA_only","RF",0.727777777777778
12,7,3,"CDPA_only","MultinomialLasso",0.688888888888889
12,7,3,"CDPA_only","Mahalanobis",0.461111111111111
12,7,4,"ILR_CDPA","RF",0.726256983240223
12,7,4,"ILR_CDPA","MultinomialLasso",0.687150837988827
12,7,4,"ILR_CDPA","Mahalanobis",0.391061452513966
12,7,4,"ILR_only","RF",0.385474860335196
12,7,4,"ILR_only","MultinomialLasso",0.391061452513966
12,7,4,"ILR_only","Mahalanobis",0.268156424581006
12,7,4,"CDPA_only","RF",0.720670391061452
12,7,4,"CDPA_only","MultinomialLasso",0.681564245810056
12,7,4,"CDPA_only","Mahalanobis",0.368715083798883
12,7,5,"ILR_CDPA","RF",0.685393258426966
12,7,5,"ILR_CDPA","MultinomialLasso",0.629213483146067
12,7,5,"ILR_CDPA","Mahalanobis",0.353932584269663
12,7,5,"ILR_only","RF",0.365168539325843
12,7,5,"ILR_only","MultinomialLasso",0.365168539325843
12,7,5,"ILR_only","Mahalanobis",0.191011235955056
12,7,5,"CDPA_only","RF",0.651685393258427
12,7,5,"CDPA_only","MultinomialLasso",0.606741573033708
12,7,5,"CDPA_only","Mahalanobis",0.348314606741573
12,8,1,"ILR_CDPA","RF",0.673913043478261
12,8,1,"ILR_CDPA","MultinomialLasso",0.630434782608696
12,8,1,"ILR_CDPA","Mahalanobis",0.380434782608696
12,8,1,"ILR_only","RF",0.375
12,8,1,"ILR_only","MultinomialLasso",0.369565217391304
12,8,1,"ILR_only","Mahalanobis",0.293478260869565
12,8,1,"CDPA_only","RF",0.66304347826087
12,8,1,"CDPA_only","MultinomialLasso",0.619565217391304
12,8,1,"CDPA_only","Mahalanobis",0.396739130434783
12,8,2,"ILR_CDPA","RF",0.688524590163934
12,8,2,"ILR_CDPA","MultinomialLasso",0.688524590163934
12,8,2,"ILR_CDPA","Mahalanobis",0.453551912568306
12,8,2,"ILR_only","RF",0.360655737704918
12,8,2,"ILR_only","MultinomialLasso",0.404371584699454
12,8,2,"ILR_only","Mahalanobis",0.26775956284153
12,8,2,"CDPA_only","RF",0.699453551912568
12,8,2,"CDPA_only","MultinomialLasso",0.666666666666667
12,8,2,"CDPA_only","Mahalanobis",0.431693989071038
12,8,3,"ILR_CDPA","RF",0.694444444444444
12,8,3,"ILR_CDPA","MultinomialLasso",0.677777777777778
12,8,3,"ILR_CDPA","Mahalanobis",0.433333333333333
12,8,3,"ILR_only","RF",0.422222222222222
12,8,3,"ILR_only","MultinomialLasso",0.411111111111111
12,8,3,"ILR_only","Mahalanobis",0.238888888888889
12,8,3,"CDPA_only","RF",0.688888888888889
12,8,3,"CDPA_only","MultinomialLasso",0.644444444444444
12,8,3,"CDPA_only","Mahalanobis",0.372222222222222
12,8,4,"ILR_CDPA","RF",0.726256983240223
12,8,4,"ILR_CDPA","MultinomialLasso",0.692737430167598
12,8,4,"ILR_CDPA","Mahalanobis",0.402234636871508
12,8,4,"ILR_only","RF",0.312849162011173
12,8,4,"ILR_only","MultinomialLasso",0.357541899441341
12,8,4,"ILR_only","Mahalanobis",0.229050279329609
12,8,4,"CDPA_only","RF",0.715083798882682
12,8,4,"CDPA_only","MultinomialLasso",0.692737430167598
12,8,4,"CDPA_only","Mahalanobis",0.452513966480447
12,8,5,"ILR_CDPA","RF",0.691011235955056
12,8,5,"ILR_CDPA","MultinomialLasso",0.668539325842697
12,8,5,"ILR_CDPA","Mahalanobis",0.376404494382022
12,8,5,"ILR_only","RF",0.353932584269663
12,8,5,"ILR_only","MultinomialLasso",0.376404494382022
12,8,5,"ILR_only","Mahalanobis",0.247191011235955
12,8,5,"CDPA_only","RF",0.696629213483146
12,8,5,"CDPA_only","MultinomialLasso",0.651685393258427
12,8,5,"CDPA_only","Mahalanobis",0.404494382022472
12,9,1,"ILR_CDPA","RF",0.706521739130435
12,9,1,"ILR_CDPA","MultinomialLasso",0.657608695652174
12,9,1,"ILR_CDPA","Mahalanobis",0.423913043478261
12,9,1,"ILR_only","RF",0.358695652173913
12,9,1,"ILR_only","MultinomialLasso",0.391304347826087
12,9,1,"ILR_only","Mahalanobis",0.266304347826087
12,9,1,"CDPA_only","RF",0.684782608695652
12,9,1,"CDPA_only","MultinomialLasso",0.641304347826087
12,9,1,"CDPA_only","Mahalanobis",0.41304347826087
12,9,2,"ILR_CDPA","RF",0.688524590163934
12,9,2,"ILR_CDPA","MultinomialLasso",0.650273224043716
12,9,2,"ILR_CDPA","Mahalanobis",0.398907103825137
12,9,2,"ILR_only","RF",0.366120218579235
12,9,2,"ILR_only","MultinomialLasso",0.366120218579235
12,9,2,"ILR_only","Mahalanobis",0.251366120218579
12,9,2,"CDPA_only","RF",0.715846994535519
12,9,2,"CDPA_only","MultinomialLasso",0.650273224043716
12,9,2,"CDPA_only","Mahalanobis",0.40983606557377
12,9,3,"ILR_CDPA","RF",0.672222222222222
12,9,3,"ILR_CDPA","MultinomialLasso",0.672222222222222
12,9,3,"ILR_CDPA","Mahalanobis",0.422222222222222
12,9,3,"ILR_only","RF",0.322222222222222
12,9,3,"ILR_only","MultinomialLasso",0.388888888888889
12,9,3,"ILR_only","Mahalanobis",0.233333333333333
12,9,3,"CDPA_only","RF",0.688888888888889
12,9,3,"CDPA_only","MultinomialLasso",0.672222222222222
12,9,3,"CDPA_only","Mahalanobis",0.366666666666667
12,9,4,"ILR_CDPA","RF",0.709497206703911
12,9,4,"ILR_CDPA","MultinomialLasso",0.681564245810056
12,9,4,"ILR_CDPA","Mahalanobis",0.363128491620112
12,9,4,"ILR_only","RF",0.368715083798883
12,9,4,"ILR_only","MultinomialLasso",0.41340782122905
12,9,4,"ILR_only","Mahalanobis",0.256983240223464
12,9,4,"CDPA_only","RF",0.692737430167598
12,9,4,"CDPA_only","MultinomialLasso",0.636871508379888
12,9,4,"CDPA_only","Mahalanobis",0.368715083798883
12,9,5,"ILR_CDPA","RF",0.724719101123595
12,9,5,"ILR_CDPA","MultinomialLasso",0.707865168539326
12,9,5,"ILR_CDPA","Mahalanobis",0.449438202247191
12,9,5,"ILR_only","RF",0.415730337078652
12,9,5,"ILR_only","MultinomialLasso",0.370786516853933
12,9,5,"ILR_only","Mahalanobis",0.224719101123595
12,9,5,"CDPA_only","RF",0.719101123595506
12,9,5,"CDPA_only","MultinomialLasso",0.707865168539326
12,9,5,"CDPA_only","Mahalanobis",0.49438202247191
12,10,1,"ILR_CDPA","RF",0.695652173913043
12,10,1,"ILR_CDPA","MultinomialLasso",0.657608695652174
12,10,1,"ILR_CDPA","Mahalanobis",0.396739130434783
12,10,1,"ILR_only","RF",0.320652173913043
12,10,1,"ILR_only","MultinomialLasso",0.380434782608696
12,10,1,"ILR_only","Mahalanobis",0.206521739130435
12,10,1,"CDPA_only","RF",0.657608695652174
12,10,1,"CDPA_only","MultinomialLasso",0.635869565217391
12,10,1,"CDPA_only","Mahalanobis",0.391304347826087
12,10,2,"ILR_CDPA","RF",0.650273224043716
12,10,2,"ILR_CDPA","MultinomialLasso",0.650273224043716
12,10,2,"ILR_CDPA","Mahalanobis",0.355191256830601
12,10,2,"ILR_only","RF",0.333333333333333
12,10,2,"ILR_only","MultinomialLasso",0.371584699453552
12,10,2,"ILR_only","Mahalanobis",0.234972677595628
12,10,2,"CDPA_only","RF",0.699453551912568
12,10,2,"CDPA_only","MultinomialLasso",0.633879781420765
12,10,2,"CDPA_only","Mahalanobis",0.387978142076503
12,10,3,"ILR_CDPA","RF",0.711111111111111
12,10,3,"ILR_CDPA","MultinomialLasso",0.705555555555556
12,10,3,"ILR_CDPA","Mahalanobis",0.405555555555556
12,10,3,"ILR_only","RF",0.427777777777778
12,10,3,"ILR_only","MultinomialLasso",0.377777777777778
12,10,3,"ILR_only","Mahalanobis",0.255555555555556
12,10,3,"CDPA_only","RF",0.711111111111111
12,10,3,"CDPA_only","MultinomialLasso",0.666666666666667
12,10,3,"CDPA_only","Mahalanobis",0.366666666666667
12,10,4,"ILR_CDPA","RF",0.720670391061452
12,10,4,"ILR_CDPA","MultinomialLasso",0.675977653631285
12,10,4,"ILR_CDPA","Mahalanobis",0.379888268156425
12,10,4,"ILR_only","RF",0.335195530726257
12,10,4,"ILR_only","MultinomialLasso",0.385474860335196
12,10,4,"ILR_only","Mahalanobis",0.268156424581006
12,10,4,"CDPA_only","RF",0.709497206703911
12,10,4,"CDPA_only","MultinomialLasso",0.653631284916201
12,10,4,"CDPA_only","Mahalanobis",0.35195530726257
12,10,5,"ILR_CDPA","RF",0.651685393258427
12,10,5,"ILR_CDPA","MultinomialLasso",0.634831460674157
12,10,5,"ILR_CDPA","Mahalanobis",0.471910112359551
12,10,5,"ILR_only","RF",0.376404494382022
12,10,5,"ILR_only","MultinomialLasso",0.387640449438202
12,10,5,"ILR_only","Mahalanobis",0.308988764044944
12,10,5,"CDPA_only","RF",0.662921348314607
12,10,5,"CDPA_only","MultinomialLasso",0.612359550561798
12,10,5,"CDPA_only","Mahalanobis",0.460674157303371
12,11,1,"ILR_CDPA","RF",0.728260869565217
12,11,1,"ILR_CDPA","MultinomialLasso",0.66304347826087
12,11,1,"ILR_CDPA","Mahalanobis",0.347826086956522
12,11,1,"ILR_only","RF",0.320652173913043
12,11,1,"ILR_only","MultinomialLasso",0.396739130434783
12,11,1,"ILR_only","Mahalanobis",0.271739130434783
12,11,1,"CDPA_only","RF",0.690217391304348
12,11,1,"CDPA_only","MultinomialLasso",0.641304347826087
12,11,1,"CDPA_only","Mahalanobis",0.33695652173913
12,11,2,"ILR_CDPA","RF",0.672131147540984
12,11,2,"ILR_CDPA","MultinomialLasso",0.683060109289617
12,11,2,"ILR_CDPA","Mahalanobis",0.480874316939891
12,11,2,"ILR_only","RF",0.398907103825137
12,11,2,"ILR_only","MultinomialLasso",0.377049180327869
12,11,2,"ILR_only","Mahalanobis",0.273224043715847
12,11,2,"CDPA_only","RF",0.672131147540984
12,11,2,"CDPA_only","MultinomialLasso",0.66120218579235
12,11,2,"CDPA_only","Mahalanobis",0.448087431693989
12,11,3,"ILR_CDPA","RF",0.7
12,11,3,"ILR_CDPA","MultinomialLasso",0.677777777777778
12,11,3,"ILR_CDPA","Mahalanobis",0.45
12,11,3,"ILR_only","RF",0.366666666666667
12,11,3,"ILR_only","MultinomialLasso",0.355555555555556
12,11,3,"ILR_only","Mahalanobis",0.277777777777778
12,11,3,"CDPA_only","RF",0.705555555555556
12,11,3,"CDPA_only","MultinomialLasso",0.666666666666667
12,11,3,"CDPA_only","Mahalanobis",0.466666666666667
12,11,4,"ILR_CDPA","RF",0.709497206703911
12,11,4,"ILR_CDPA","MultinomialLasso",0.664804469273743
12,11,4,"ILR_CDPA","Mahalanobis",0.407821229050279
12,11,4,"ILR_only","RF",0.41340782122905
12,11,4,"ILR_only","MultinomialLasso",0.391061452513966
12,11,4,"ILR_only","Mahalanobis",0.195530726256983
12,11,4,"CDPA_only","RF",0.692737430167598
12,11,4,"CDPA_only","MultinomialLasso",0.64804469273743
12,11,4,"CDPA_only","Mahalanobis",0.402234636871508
12,11,5,"ILR_CDPA","RF",0.724719101123595
12,11,5,"ILR_CDPA","MultinomialLasso",0.691011235955056
12,11,5,"ILR_CDPA","Mahalanobis",0.337078651685393
12,11,5,"ILR_only","RF",0.382022471910112
12,11,5,"ILR_only","MultinomialLasso",0.398876404494382
12,11,5,"ILR_only","Mahalanobis",0.235955056179775
12,11,5,"CDPA_only","RF",0.696629213483146
12,11,5,"CDPA_only","MultinomialLasso",0.702247191011236
12,11,5,"CDPA_only","Mahalanobis",0.382022471910112
12,12,1,"ILR_CDPA","RF",0.679347826086957
12,12,1,"ILR_CDPA","MultinomialLasso",0.690217391304348
12,12,1,"ILR_CDPA","Mahalanobis",0.385869565217391
12,12,1,"ILR_only","RF",0.33695652173913
12,12,1,"ILR_only","MultinomialLasso",0.380434782608696
12,12,1,"ILR_only","Mahalanobis",0.28804347826087
12,12,1,"CDPA_only","RF",0.668478260869565
12,12,1,"CDPA_only","MultinomialLasso",0.673913043478261
12,12,1,"CDPA_only","Mahalanobis",0.375
12,12,2,"ILR_CDPA","RF",0.704918032786885
12,12,2,"ILR_CDPA","MultinomialLasso",0.683060109289617
12,12,2,"ILR_CDPA","Mahalanobis",0.459016393442623
12,12,2,"ILR_only","RF",0.398907103825137
12,12,2,"ILR_only","MultinomialLasso",0.398907103825137
12,12,2,"ILR_only","Mahalanobis",0.273224043715847
12,12,2,"CDPA_only","RF",0.710382513661202
12,12,2,"CDPA_only","MultinomialLasso",0.633879781420765
12,12,2,"CDPA_only","Mahalanobis",0.387978142076503
12,12,3,"ILR_CDPA","RF",0.716666666666667
12,12,3,"ILR_CDPA","MultinomialLasso",0.688888888888889
12,12,3,"ILR_CDPA","Mahalanobis",0.433333333333333
12,12,3,"ILR_only","RF",0.338888888888889
12,12,3,"ILR_only","MultinomialLasso",0.361111111111111
12,12,3,"ILR_only","Mahalanobis",0.227777777777778
12,12,3,"CDPA_only","RF",0.7
12,12,3,"CDPA_only","MultinomialLasso",0.661111111111111
12,12,3,"CDPA_only","Mahalanobis",0.455555555555556
12,12,4,"ILR_CDPA","RF",0.709497206703911
12,12,4,"ILR_CDPA","MultinomialLasso",0.681564245810056
12,12,4,"ILR_CDPA","Mahalanobis",0.41340782122905
12,12,4,"ILR_only","RF",0.363128491620112
12,12,4,"ILR_only","MultinomialLasso",0.402234636871508
12,12,4,"ILR_only","Mahalanobis",0.256983240223464
12,12,4,"CDPA_only","RF",0.687150837988827
12,12,4,"CDPA_only","MultinomialLasso",0.653631284916201
12,12,4,"CDPA_only","Mahalanobis",0.435754189944134
12,12,5,"ILR_CDPA","RF",0.668539325842697
12,12,5,"ILR_CDPA","MultinomialLasso",0.662921348314607
12,12,5,"ILR_CDPA","Mahalanobis",0.348314606741573
12,12,5,"ILR_only","RF",0.370786516853933
12,12,5,"ILR_only","MultinomialLasso",0.382022471910112
12,12,5,"ILR_only","Mahalanobis",0.207865168539326
12,12,5,"CDPA_only","RF",0.702247191011236
12,12,5,"CDPA_only","MultinomialLasso",0.629213483146067
12,12,5,"CDPA_only","Mahalanobis",0.365168539325843
12,13,1,"ILR_CDPA","RF",0.71195652173913
12,13,1,"ILR_CDPA","MultinomialLasso",0.652173913043478
12,13,1,"ILR_CDPA","Mahalanobis",0.385869565217391
12,13,1,"ILR_only","RF",0.358695652173913
12,13,1,"ILR_only","MultinomialLasso",0.375
12,13,1,"ILR_only","Mahalanobis",0.222826086956522
12,13,1,"CDPA_only","RF",0.695652173913043
12,13,1,"CDPA_only","MultinomialLasso",0.66304347826087
12,13,1,"CDPA_only","Mahalanobis",0.364130434782609
12,13,2,"ILR_CDPA","RF",0.688524590163934
12,13,2,"ILR_CDPA","MultinomialLasso",0.672131147540984
12,13,2,"ILR_CDPA","Mahalanobis",0.398907103825137
12,13,2,"ILR_only","RF",0.377049180327869
12,13,2,"ILR_only","MultinomialLasso",0.371584699453552
12,13,2,"ILR_only","Mahalanobis",0.240437158469945
12,13,2,"CDPA_only","RF",0.688524590163934
12,13,2,"CDPA_only","MultinomialLasso",0.639344262295082
12,13,2,"CDPA_only","Mahalanobis",0.448087431693989
12,13,3,"ILR_CDPA","RF",0.683333333333333
12,13,3,"ILR_CDPA","MultinomialLasso",0.661111111111111
12,13,3,"ILR_CDPA","Mahalanobis",0.4
12,13,3,"ILR_only","RF",0.372222222222222
12,13,3,"ILR_only","MultinomialLasso",0.355555555555556
12,13,3,"ILR_only","Mahalanobis",0.283333333333333
12,13,3,"CDPA_only","RF",0.666666666666667
12,13,3,"CDPA_only","MultinomialLasso",0.633333333333333
12,13,3,"CDPA_only","Mahalanobis",0.35
12,13,4,"ILR_CDPA","RF",0.698324022346369
12,13,4,"ILR_CDPA","MultinomialLasso",0.675977653631285
12,13,4,"ILR_CDPA","Mahalanobis",0.435754189944134
12,13,4,"ILR_only","RF",0.307262569832402
12,13,4,"ILR_only","MultinomialLasso",0.396648044692737
12,13,4,"ILR_only","Mahalanobis",0.212290502793296
12,13,4,"CDPA_only","RF",0.692737430167598
12,13,4,"CDPA_only","MultinomialLasso",0.659217877094972
12,13,4,"CDPA_only","Mahalanobis",0.452513966480447
12,13,5,"ILR_CDPA","RF",0.674157303370786
12,13,5,"ILR_CDPA","MultinomialLasso",0.674157303370786
12,13,5,"ILR_CDPA","Mahalanobis",0.398876404494382
12,13,5,"ILR_only","RF",0.365168539325843
12,13,5,"ILR_only","MultinomialLasso",0.415730337078652
12,13,5,"ILR_only","Mahalanobis",0.241573033707865
12,13,5,"CDPA_only","RF",0.674157303370786
12,13,5,"CDPA_only","MultinomialLasso",0.668539325842697
12,13,5,"CDPA_only","Mahalanobis",0.404494382022472
12,14,1,"ILR_CDPA","RF",0.706521739130435
12,14,1,"ILR_CDPA","MultinomialLasso",0.695652173913043
12,14,1,"ILR_CDPA","Mahalanobis",0.46195652173913
12,14,1,"ILR_only","RF",0.380434782608696
12,14,1,"ILR_only","MultinomialLasso",0.423913043478261
12,14,1,"ILR_only","Mahalanobis",0.277173913043478
12,14,1,"CDPA_only","RF",0.690217391304348
12,14,1,"CDPA_only","MultinomialLasso",0.673913043478261
12,14,1,"CDPA_only","Mahalanobis",0.472826086956522
12,14,2,"ILR_CDPA","RF",0.710382513661202
12,14,2,"ILR_CDPA","MultinomialLasso",0.683060109289617
12,14,2,"ILR_CDPA","Mahalanobis",0.415300546448087
12,14,2,"ILR_only","RF",0.387978142076503
12,14,2,"ILR_only","MultinomialLasso",0.349726775956284
12,14,2,"ILR_only","Mahalanobis",0.229508196721311
12,14,2,"CDPA_only","RF",0.672131147540984
12,14,2,"CDPA_only","MultinomialLasso",0.639344262295082
12,14,2,"CDPA_only","Mahalanobis",0.387978142076503
12,14,3,"ILR_CDPA","RF",0.694444444444444
12,14,3,"ILR_CDPA","MultinomialLasso",0.666666666666667
12,14,3,"ILR_CDPA","Mahalanobis",0.427777777777778
12,14,3,"ILR_only","RF",0.377777777777778
12,14,3,"ILR_only","MultinomialLasso",0.383333333333333
12,14,3,"ILR_only","Mahalanobis",0.266666666666667
12,14,3,"CDPA_only","RF",0.7
12,14,3,"CDPA_only","MultinomialLasso",0.661111111111111
12,14,3,"CDPA_only","Mahalanobis",0.405555555555556
12,14,4,"ILR_CDPA","RF",0.70391061452514
12,14,4,"ILR_CDPA","MultinomialLasso",0.653631284916201
12,14,4,"ILR_CDPA","Mahalanobis",0.363128491620112
12,14,4,"ILR_only","RF",0.335195530726257
12,14,4,"ILR_only","MultinomialLasso",0.396648044692737
12,14,4,"ILR_only","Mahalanobis",0.251396648044693
12,14,4,"CDPA_only","RF",0.675977653631285
12,14,4,"CDPA_only","MultinomialLasso",0.642458100558659
12,14,4,"CDPA_only","Mahalanobis",0.340782122905028
12,14,5,"ILR_CDPA","RF",0.691011235955056
12,14,5,"ILR_CDPA","MultinomialLasso",0.662921348314607
12,14,5,"ILR_CDPA","Mahalanobis",0.365168539325843
12,14,5,"ILR_only","RF",0.342696629213483
12,14,5,"ILR_only","MultinomialLasso",0.370786516853933
12,14,5,"ILR_only","Mahalanobis",0.219101123595506
12,14,5,"CDPA_only","RF",0.696629213483146
12,14,5,"CDPA_only","MultinomialLasso",0.662921348314607
12,14,5,"CDPA_only","Mahalanobis",0.404494382022472
12,15,1,"ILR_CDPA","RF",0.690217391304348
12,15,1,"ILR_CDPA","MultinomialLasso",0.690217391304348
12,15,1,"ILR_CDPA","Mahalanobis",0.402173913043478
12,15,1,"ILR_only","RF",0.353260869565217
12,15,1,"ILR_only","MultinomialLasso",0.375
12,15,1,"ILR_only","Mahalanobis",0.244565217391304
12,15,1,"CDPA_only","RF",0.679347826086957
12,15,1,"CDPA_only","MultinomialLasso",0.646739130434783
12,15,1,"CDPA_only","Mahalanobis",0.342391304347826
12,15,2,"ILR_CDPA","RF",0.699453551912568
12,15,2,"ILR_CDPA","MultinomialLasso",0.688524590163934
12,15,2,"ILR_CDPA","Mahalanobis",0.426229508196721
12,15,2,"ILR_only","RF",0.404371584699454
12,15,2,"ILR_only","MultinomialLasso",0.371584699453552
12,15,2,"ILR_only","Mahalanobis",0.300546448087432
12,15,2,"CDPA_only","RF",0.704918032786885
12,15,2,"CDPA_only","MultinomialLasso",0.66120218579235
12,15,2,"CDPA_only","Mahalanobis",0.415300546448087
12,15,3,"ILR_CDPA","RF",0.688888888888889
12,15,3,"ILR_CDPA","MultinomialLasso",0.683333333333333
12,15,3,"ILR_CDPA","Mahalanobis",0.411111111111111
12,15,3,"ILR_only","RF",0.355555555555556
12,15,3,"ILR_only","MultinomialLasso",0.4
12,15,3,"ILR_only","Mahalanobis",0.261111111111111
12,15,3,"CDPA_only","RF",0.705555555555556
12,15,3,"CDPA_only","MultinomialLasso",0.655555555555556
12,15,3,"CDPA_only","Mahalanobis",0.411111111111111
12,15,4,"ILR_CDPA","RF",0.70391061452514
12,15,4,"ILR_CDPA","MultinomialLasso",0.692737430167598
12,15,4,"ILR_CDPA","Mahalanobis",0.446927374301676
12,15,4,"ILR_only","RF",0.396648044692737
12,15,4,"ILR_only","MultinomialLasso",0.418994413407821
12,15,4,"ILR_only","Mahalanobis",0.284916201117318
12,15,4,"CDPA_only","RF",0.687150837988827
12,15,4,"CDPA_only","MultinomialLasso",0.687150837988827
12,15,4,"CDPA_only","Mahalanobis",0.418994413407821
12,15,5,"ILR_CDPA","RF",0.713483146067416
12,15,5,"ILR_CDPA","MultinomialLasso",0.685393258426966
12,15,5,"ILR_CDPA","Mahalanobis",0.432584269662921
12,15,5,"ILR_only","RF",0.353932584269663
12,15,5,"ILR_only","MultinomialLasso",0.365168539325843
12,15,5,"ILR_only","Mahalanobis",0.230337078651685
12,15,5,"CDPA_only","RF",0.713483146067416
12,15,5,"CDPA_only","MultinomialLasso",0.651685393258427
12,15,5,"CDPA_only","Mahalanobis",0.460674157303371
12,16,1,"ILR_CDPA","RF",0.701086956521739
12,16,1,"ILR_CDPA","MultinomialLasso",0.684782608695652
12,16,1,"ILR_CDPA","Mahalanobis",0.407608695652174
12,16,1,"ILR_only","RF",0.320652173913043
12,16,1,"ILR_only","MultinomialLasso",0.385869565217391
12,16,1,"ILR_only","Mahalanobis",0.222826086956522
12,16,1,"CDPA_only","RF",0.684782608695652
12,16,1,"CDPA_only","MultinomialLasso",0.673913043478261
12,16,1,"CDPA_only","Mahalanobis",0.364130434782609
12,16,2,"ILR_CDPA","RF",0.666666666666667
12,16,2,"ILR_CDPA","MultinomialLasso",0.672131147540984
12,16,2,"ILR_CDPA","Mahalanobis",0.469945355191257
12,16,2,"ILR_only","RF",0.404371584699454
12,16,2,"ILR_only","MultinomialLasso",0.377049180327869
12,16,2,"ILR_only","Mahalanobis",0.289617486338798
12,16,2,"CDPA_only","RF",0.704918032786885
12,16,2,"CDPA_only","MultinomialLasso",0.650273224043716
12,16,2,"CDPA_only","Mahalanobis",0.420765027322404
12,16,3,"ILR_CDPA","RF",0.694444444444444
12,16,3,"ILR_CDPA","MultinomialLasso",0.638888888888889
12,16,3,"ILR_CDPA","Mahalanobis",0.366666666666667
12,16,3,"ILR_only","RF",0.366666666666667
12,16,3,"ILR_only","MultinomialLasso",0.388888888888889
12,16,3,"ILR_only","Mahalanobis",0.222222222222222
12,16,3,"CDPA_only","RF",0.694444444444444
12,16,3,"CDPA_only","MultinomialLasso",0.633333333333333
12,16,3,"CDPA_only","Mahalanobis",0.411111111111111
12,16,4,"ILR_CDPA","RF",0.681564245810056
12,16,4,"ILR_CDPA","MultinomialLasso",0.670391061452514
12,16,4,"ILR_CDPA","Mahalanobis",0.379888268156425
12,16,4,"ILR_only","RF",0.340782122905028
12,16,4,"ILR_only","MultinomialLasso",0.379888268156425
12,16,4,"ILR_only","Mahalanobis",0.245810055865922
12,16,4,"CDPA_only","RF",0.64804469273743
12,16,4,"CDPA_only","MultinomialLasso",0.614525139664804
12,16,4,"CDPA_only","Mahalanobis",0.402234636871508
12,16,5,"ILR_CDPA","RF",0.730337078651685
12,16,5,"ILR_CDPA","MultinomialLasso",0.685393258426966
12,16,5,"ILR_CDPA","Mahalanobis",0.382022471910112
12,16,5,"ILR_only","RF",0.376404494382022
12,16,5,"ILR_only","MultinomialLasso",0.387640449438202
12,16,5,"ILR_only","Mahalanobis",0.241573033707865
12,16,5,"CDPA_only","RF",0.719101123595506
12,16,5,"CDPA_only","MultinomialLasso",0.685393258426966
12,16,5,"CDPA_only","Mahalanobis",0.415730337078652
12,17,1,"ILR_CDPA","RF",0.722826086956522
12,17,1,"ILR_CDPA","MultinomialLasso",0.71195652173913
12,17,1,"ILR_CDPA","Mahalanobis",0.445652173913043
12,17,1,"ILR_only","RF",0.364130434782609
12,17,1,"ILR_only","MultinomialLasso",0.407608695652174
12,17,1,"ILR_only","Mahalanobis",0.331521739130435
12,17,1,"CDPA_only","RF",0.722826086956522
12,17,1,"CDPA_only","MultinomialLasso",0.673913043478261
12,17,1,"CDPA_only","Mahalanobis",0.41304347826087
12,17,2,"ILR_CDPA","RF",0.666666666666667
12,17,2,"ILR_CDPA","MultinomialLasso",0.650273224043716
12,17,2,"ILR_CDPA","Mahalanobis",0.377049180327869
12,17,2,"ILR_only","RF",0.382513661202186
12,17,2,"ILR_only","MultinomialLasso",0.404371584699454
12,17,2,"ILR_only","Mahalanobis",0.234972677595628
12,17,2,"CDPA_only","RF",0.650273224043716
12,17,2,"CDPA_only","MultinomialLasso",0.639344262295082
12,17,2,"CDPA_only","Mahalanobis",0.420765027322404
12,17,3,"ILR_CDPA","RF",0.683333333333333
12,17,3,"ILR_CDPA","MultinomialLasso",0.666666666666667
12,17,3,"ILR_CDPA","Mahalanobis",0.366666666666667
12,17,3,"ILR_only","RF",0.316666666666667
12,17,3,"ILR_only","MultinomialLasso",0.361111111111111
12,17,3,"ILR_only","Mahalanobis",0.205555555555556
12,17,3,"CDPA_only","RF",0.661111111111111
12,17,3,"CDPA_only","MultinomialLasso",0.661111111111111
12,17,3,"CDPA_only","Mahalanobis",0.388888888888889
12,17,4,"ILR_CDPA","RF",0.748603351955307
12,17,4,"ILR_CDPA","MultinomialLasso",0.715083798882682
12,17,4,"ILR_CDPA","Mahalanobis",0.435754189944134
12,17,4,"ILR_only","RF",0.340782122905028
12,17,4,"ILR_only","MultinomialLasso",0.357541899441341
12,17,4,"ILR_only","Mahalanobis",0.256983240223464
12,17,4,"CDPA_only","RF",0.759776536312849
12,17,4,"CDPA_only","MultinomialLasso",0.70391061452514
12,17,4,"CDPA_only","Mahalanobis",0.458100558659218
12,17,5,"ILR_CDPA","RF",0.674157303370786
12,17,5,"ILR_CDPA","MultinomialLasso",0.606741573033708
12,17,5,"ILR_CDPA","Mahalanobis",0.353932584269663
12,17,5,"ILR_only","RF",0.376404494382022
12,17,5,"ILR_only","MultinomialLasso",0.387640449438202
12,17,5,"ILR_only","Mahalanobis",0.219101123595506
12,17,5,"CDPA_only","RF",0.657303370786517
12,17,5,"CDPA_only","MultinomialLasso",0.623595505617977
12,17,5,"CDPA_only","Mahalanobis",0.348314606741573
12,18,1,"ILR_CDPA","RF",0.646739130434783
12,18,1,"ILR_CDPA","MultinomialLasso",0.641304347826087
12,18,1,"ILR_CDPA","Mahalanobis",0.309782608695652
12,18,1,"ILR_only","RF",0.391304347826087
12,18,1,"ILR_only","MultinomialLasso",0.396739130434783
12,18,1,"ILR_only","Mahalanobis",0.21195652173913
12,18,1,"CDPA_only","RF",0.646739130434783
12,18,1,"CDPA_only","MultinomialLasso",0.646739130434783
12,18,1,"CDPA_only","Mahalanobis",0.315217391304348
12,18,2,"ILR_CDPA","RF",0.721311475409836
12,18,2,"ILR_CDPA","MultinomialLasso",0.650273224043716
12,18,2,"ILR_CDPA","Mahalanobis",0.46448087431694
12,18,2,"ILR_only","RF",0.377049180327869
12,18,2,"ILR_only","MultinomialLasso",0.377049180327869
12,18,2,"ILR_only","Mahalanobis",0.245901639344262
12,18,2,"CDPA_only","RF",0.650273224043716
12,18,2,"CDPA_only","MultinomialLasso",0.644808743169399
12,18,2,"CDPA_only","Mahalanobis",0.426229508196721
12,18,3,"ILR_CDPA","RF",0.744444444444444
12,18,3,"ILR_CDPA","MultinomialLasso",0.683333333333333
12,18,3,"ILR_CDPA","Mahalanobis",0.388888888888889
12,18,3,"ILR_only","RF",0.327777777777778
12,18,3,"ILR_only","MultinomialLasso",0.377777777777778
12,18,3,"ILR_only","Mahalanobis",0.277777777777778
12,18,3,"CDPA_only","RF",0.722222222222222
12,18,3,"CDPA_only","MultinomialLasso",0.655555555555556
12,18,3,"CDPA_only","Mahalanobis",0.361111111111111
12,18,4,"ILR_CDPA","RF",0.720670391061452
12,18,4,"ILR_CDPA","MultinomialLasso",0.709497206703911
12,18,4,"ILR_CDPA","Mahalanobis",0.41340782122905
12,18,4,"ILR_only","RF",0.379888268156425
12,18,4,"ILR_only","MultinomialLasso",0.391061452513966
12,18,4,"ILR_only","Mahalanobis",0.284916201117318
12,18,4,"CDPA_only","RF",0.731843575418994
12,18,4,"CDPA_only","MultinomialLasso",0.681564245810056
12,18,4,"CDPA_only","Mahalanobis",0.407821229050279
12,18,5,"ILR_CDPA","RF",0.674157303370786
12,18,5,"ILR_CDPA","MultinomialLasso",0.702247191011236
12,18,5,"ILR_CDPA","Mahalanobis",0.426966292134831
12,18,5,"ILR_only","RF",0.337078651685393
12,18,5,"ILR_only","MultinomialLasso",0.353932584269663
12,18,5,"ILR_only","Mahalanobis",0.219101123595506
12,18,5,"CDPA_only","RF",0.651685393258427
12,18,5,"CDPA_only","MultinomialLasso",0.623595505617977
12,18,5,"CDPA_only","Mahalanobis",0.455056179775281
12,19,1,"ILR_CDPA","RF",0.668478260869565
12,19,1,"ILR_CDPA","MultinomialLasso",0.673913043478261
12,19,1,"ILR_CDPA","Mahalanobis",0.41304347826087
12,19,1,"ILR_only","RF",0.375
12,19,1,"ILR_only","MultinomialLasso",0.375
12,19,1,"ILR_only","Mahalanobis",0.260869565217391
12,19,1,"CDPA_only","RF",0.657608695652174
12,19,1,"CDPA_only","MultinomialLasso",0.625
12,19,1,"CDPA_only","Mahalanobis",0.391304347826087
12,19,2,"ILR_CDPA","RF",0.693989071038251
12,19,2,"ILR_CDPA","MultinomialLasso",0.650273224043716
12,19,2,"ILR_CDPA","Mahalanobis",0.415300546448087
12,19,2,"ILR_only","RF",0.300546448087432
12,19,2,"ILR_only","MultinomialLasso",0.377049180327869
12,19,2,"ILR_only","Mahalanobis",0.300546448087432
12,19,2,"CDPA_only","RF",0.693989071038251
12,19,2,"CDPA_only","MultinomialLasso",0.666666666666667
12,19,2,"CDPA_only","Mahalanobis",0.404371584699454
12,19,3,"ILR_CDPA","RF",0.733333333333333
12,19,3,"ILR_CDPA","MultinomialLasso",0.683333333333333
12,19,3,"ILR_CDPA","Mahalanobis",0.422222222222222
12,19,3,"ILR_only","RF",0.366666666666667
12,19,3,"ILR_only","MultinomialLasso",0.388888888888889
12,19,3,"ILR_only","Mahalanobis",0.244444444444444
12,19,3,"CDPA_only","RF",0.677777777777778
12,19,3,"CDPA_only","MultinomialLasso",0.655555555555556
12,19,3,"CDPA_only","Mahalanobis",0.411111111111111
12,19,4,"ILR_CDPA","RF",0.687150837988827
12,19,4,"ILR_CDPA","MultinomialLasso",0.642458100558659
12,19,4,"ILR_CDPA","Mahalanobis",0.35195530726257
12,19,4,"ILR_only","RF",0.374301675977654
12,19,4,"ILR_only","MultinomialLasso",0.402234636871508
12,19,4,"ILR_only","Mahalanobis",0.206703910614525
12,19,4,"CDPA_only","RF",0.670391061452514
12,19,4,"CDPA_only","MultinomialLasso",0.659217877094972
12,19,4,"CDPA_only","Mahalanobis",0.363128491620112
12,19,5,"ILR_CDPA","RF",0.679775280898876
12,19,5,"ILR_CDPA","MultinomialLasso",0.657303370786517
12,19,5,"ILR_CDPA","Mahalanobis",0.455056179775281
12,19,5,"ILR_only","RF",0.393258426966292
12,19,5,"ILR_only","MultinomialLasso",0.393258426966292
12,19,5,"ILR_only","Mahalanobis",0.235955056179775
12,19,5,"CDPA_only","RF",0.668539325842697
12,19,5,"CDPA_only","MultinomialLasso",0.657303370786517
12,19,5,"CDPA_only","Mahalanobis",0.438202247191011
12,20,1,"ILR_CDPA","RF",0.690217391304348
12,20,1,"ILR_CDPA","MultinomialLasso",0.657608695652174
12,20,1,"ILR_CDPA","Mahalanobis",0.396739130434783
12,20,1,"ILR_only","RF",0.315217391304348
12,20,1,"ILR_only","MultinomialLasso",0.369565217391304
12,20,1,"ILR_only","Mahalanobis",0.239130434782609
12,20,1,"CDPA_only","RF",0.695652173913043
12,20,1,"CDPA_only","MultinomialLasso",0.625
12,20,1,"CDPA_only","Mahalanobis",0.385869565217391
12,20,2,"ILR_CDPA","RF",0.693989071038251
12,20,2,"ILR_CDPA","MultinomialLasso",0.715846994535519
12,20,2,"ILR_CDPA","Mahalanobis",0.40983606557377
12,20,2,"ILR_only","RF",0.327868852459016
12,20,2,"ILR_only","MultinomialLasso",0.366120218579235
12,20,2,"ILR_only","Mahalanobis",0.191256830601093
12,20,2,"CDPA_only","RF",0.699453551912568
12,20,2,"CDPA_only","MultinomialLasso",0.650273224043716
12,20,2,"CDPA_only","Mahalanobis",0.453551912568306
12,20,3,"ILR_CDPA","RF",0.716666666666667
12,20,3,"ILR_CDPA","MultinomialLasso",0.672222222222222
12,20,3,"ILR_CDPA","Mahalanobis",0.372222222222222
12,20,3,"ILR_only","RF",0.372222222222222
12,20,3,"ILR_only","MultinomialLasso",0.4
12,20,3,"ILR_only","Mahalanobis",0.288888888888889
12,20,3,"CDPA_only","RF",0.672222222222222
12,20,3,"CDPA_only","MultinomialLasso",0.65
12,20,3,"CDPA_only","Mahalanobis",0.361111111111111
12,20,4,"ILR_CDPA","RF",0.698324022346369
12,20,4,"ILR_CDPA","MultinomialLasso",0.664804469273743
12,20,4,"ILR_CDPA","Mahalanobis",0.463687150837989
12,20,4,"ILR_only","RF",0.340782122905028
12,20,4,"ILR_only","MultinomialLasso",0.379888268156425
12,20,4,"ILR_only","Mahalanobis",0.284916201117318
12,20,4,"CDPA_only","RF",0.664804469273743
12,20,4,"CDPA_only","MultinomialLasso",0.642458100558659
12,20,4,"CDPA_only","Mahalanobis",0.452513966480447
12,20,5,"ILR_CDPA","RF",0.747191011235955
12,20,5,"ILR_CDPA","MultinomialLasso",0.696629213483146
12,20,5,"ILR_CDPA","Mahalanobis",0.382022471910112
12,20,5,"ILR_only","RF",0.353932584269663
12,20,5,"ILR_only","MultinomialLasso",0.387640449438202
12,20,5,"ILR_only","Mahalanobis",0.235955056179775
12,20,5,"CDPA_only","RF",0.741573033707865
12,20,5,"CDPA_only","MultinomialLasso",0.702247191011236
12,20,5,"CDPA_only","Mahalanobis",0.398876404494382
