"repeat_id","fold_id","model","t_end","baseline_accuracy","sulfur_accuracy","paired_difference","k_use"
1,1,"RF",10,0.739130434782609,0.760869565217391,0.0217391304347827,6
1,1,"MultinomialLasso",10,0.760869565217391,0.739130434782609,-0.0217391304347827,6
1,1,"Mahalanobis",10,0.5,0.478260869565217,-0.0217391304347826,6
1,2,"RF",10,0.765027322404372,0.743169398907104,-0.0218579234972677,6
1,2,"MultinomialLasso",10,0.819672131147541,0.808743169398907,-0.0109289617486339,6
1,2,"Mahalanobis",10,0.612021857923497,0.622950819672131,0.0109289617486339,6
1,3,"RF",10,0.755555555555556,0.761111111111111,0.00555555555555554,6
1,3,"MultinomialLasso",10,0.783333333333333,0.772222222222222,-0.0111111111111111,6
1,3,"Mahalanobis",10,0.561111111111111,0.555555555555556,-0.00555555555555554,6
1,4,"RF",10,0.815642458100559,0.798882681564246,-0.0167597765363129,6
1,4,"MultinomialLasso",10,0.782122905027933,0.787709497206704,0.005586592178771,6
1,4,"Mahalanobis",10,0.603351955307263,0.592178770949721,-0.0111731843575419,6
1,5,"RF",10,0.831460674157303,0.803370786516854,-0.0280898876404495,6
1,5,"MultinomialLasso",10,0.797752808988764,0.803370786516854,0.0056179775280899,6
1,5,"Mahalanobis",10,0.606741573033708,0.617977528089888,0.0112359550561797,6
2,1,"RF",10,0.755434782608696,0.755434782608696,0,6
2,1,"MultinomialLasso",10,0.771739130434783,0.771739130434783,0,6
2,1,"Mahalanobis",10,0.619565217391304,0.592391304347826,-0.0271739130434783,6
2,2,"RF",10,0.808743169398907,0.786885245901639,-0.0218579234972678,6
2,2,"MultinomialLasso",10,0.759562841530055,0.759562841530055,0,6
2,2,"Mahalanobis",10,0.562841530054645,0.562841530054645,0,6
2,3,"RF",10,0.733333333333333,0.738888888888889,0.00555555555555565,6
2,3,"MultinomialLasso",10,0.75,0.761111111111111,0.0111111111111111,6
2,3,"Mahalanobis",10,0.544444444444444,0.555555555555556,0.0111111111111112,6
2,4,"RF",10,0.76536312849162,0.748603351955307,-0.0167597765363129,6
2,4,"MultinomialLasso",10,0.754189944134078,0.748603351955307,-0.005586592178771,6
2,4,"Mahalanobis",10,0.502793296089385,0.508379888268156,0.00558659217877089,6
2,5,"RF",10,0.797752808988764,0.786516853932584,-0.0112359550561797,6
2,5,"MultinomialLasso",10,0.808988764044944,0.814606741573034,0.0056179775280899,6
2,5,"Mahalanobis",10,0.640449438202247,0.629213483146067,-0.0112359550561798,6
3,1,"RF",10,0.815217391304348,0.766304347826087,-0.0489130434782609,7
3,1,"MultinomialLasso",10,0.809782608695652,0.815217391304348,0.00543478260869557,7
3,1,"Mahalanobis",10,0.570652173913043,0.58695652173913,0.016304347826087,7
3,2,"RF",10,0.748633879781421,0.737704918032787,-0.0109289617486339,6
3,2,"MultinomialLasso",10,0.781420765027322,0.786885245901639,0.00546448087431695,6
3,2,"Mahalanobis",10,0.584699453551913,0.59016393442623,0.00546448087431695,6
3,3,"RF",10,0.772222222222222,0.777777777777778,0.00555555555555554,6
3,3,"MultinomialLasso",10,0.794444444444444,0.794444444444444,0,6
3,3,"Mahalanobis",10,0.55,0.555555555555556,0.00555555555555554,6
3,4,"RF",10,0.770949720670391,0.76536312849162,-0.00558659217877089,6
3,4,"MultinomialLasso",10,0.754189944134078,0.754189944134078,0,6
3,4,"Mahalanobis",10,0.575418994413408,0.564245810055866,-0.0111731843575419,6
3,5,"RF",10,0.797752808988764,0.792134831460674,-0.00561797752808979,6
3,5,"MultinomialLasso",10,0.786516853932584,0.780898876404494,-0.0056179775280899,6
3,5,"Mahalanobis",10,0.606741573033708,0.595505617977528,-0.0112359550561798,6
4,1,"RF",10,0.744565217391304,0.728260869565217,-0.0163043478260869,6
4,1,"MultinomialLasso",10,0.733695652173913,0.722826086956522,-0.0108695652173914,6
4,1,"Mahalanobis",10,0.489130434782609,0.505434782608696,0.016304347826087,6
4,2,"RF",10,0.819672131147541,0.830601092896175,0.0109289617486339,6
4,2,"MultinomialLasso",10,0.781420765027322,0.781420765027322,0,6
4,2,"Mahalanobis",10,0.601092896174863,0.59016393442623,-0.0109289617486339,6
4,3,"RF",10,0.805555555555556,0.783333333333333,-0.0222222222222223,6
4,3,"MultinomialLasso",10,0.783333333333333,0.788888888888889,0.00555555555555554,6
4,3,"Mahalanobis",10,0.616666666666667,0.622222222222222,0.00555555555555554,6
4,4,"RF",10,0.782122905027933,0.787709497206704,0.005586592178771,6
4,4,"MultinomialLasso",10,0.782122905027933,0.787709497206704,0.005586592178771,6
4,4,"Mahalanobis",10,0.558659217877095,0.58659217877095,0.0279329608938548,6
4,5,"RF",10,0.769662921348315,0.764044943820225,-0.0056179775280899,6
4,5,"MultinomialLasso",10,0.775280898876405,0.792134831460674,0.0168539325842697,6
4,5,"Mahalanobis",10,0.556179775280899,0.539325842696629,-0.0168539325842697,6
5,1,"RF",10,0.760869565217391,0.760869565217391,0,6
5,1,"MultinomialLasso",10,0.766304347826087,0.771739130434783,0.00543478260869568,6
5,1,"Mahalanobis",10,0.554347826086957,0.53804347826087,-0.016304347826087,6
5,2,"RF",10,0.80327868852459,0.775956284153005,-0.0273224043715847,6
5,2,"MultinomialLasso",10,0.786885245901639,0.775956284153005,-0.0109289617486339,6
5,2,"Mahalanobis",10,0.628415300546448,0.595628415300546,-0.0327868852459017,6
5,3,"RF",10,0.788888888888889,0.783333333333333,-0.00555555555555554,6
5,3,"MultinomialLasso",10,0.788888888888889,0.788888888888889,0,6
5,3,"Mahalanobis",10,0.533333333333333,0.561111111111111,0.0277777777777778,6
5,4,"RF",10,0.743016759776536,0.748603351955307,0.00558659217877089,6
5,4,"MultinomialLasso",10,0.76536312849162,0.759776536312849,-0.005586592178771,6
5,4,"Mahalanobis",10,0.620111731843575,0.592178770949721,-0.0279329608938547,6
5,5,"RF",10,0.786516853932584,0.780898876404494,-0.0056179775280899,6
5,5,"MultinomialLasso",10,0.764044943820225,0.764044943820225,0,6
5,5,"Mahalanobis",10,0.561797752808989,0.561797752808989,0,6
6,1,"RF",10,0.798913043478261,0.804347826086957,0.00543478260869568,6
6,1,"MultinomialLasso",10,0.820652173913043,0.831521739130435,0.0108695652173914,6
6,1,"Mahalanobis",10,0.592391304347826,0.619565217391304,0.0271739130434783,6
6,2,"RF",10,0.781420765027322,0.765027322404372,-0.0163934426229508,6
6,2,"MultinomialLasso",10,0.748633879781421,0.743169398907104,-0.00546448087431695,6
6,2,"Mahalanobis",10,0.557377049180328,0.557377049180328,0,6
6,3,"RF",10,0.772222222222222,0.761111111111111,-0.0111111111111112,6
6,3,"MultinomialLasso",10,0.772222222222222,0.755555555555556,-0.0166666666666667,6
6,3,"Mahalanobis",10,0.65,0.627777777777778,-0.0222222222222223,6
6,4,"RF",10,0.810055865921788,0.826815642458101,0.0167597765363129,6
6,4,"MultinomialLasso",10,0.804469273743017,0.810055865921788,0.00558659217877089,6
6,4,"Mahalanobis",10,0.575418994413408,0.569832402234637,-0.005586592178771,6
6,5,"RF",10,0.786516853932584,0.764044943820225,-0.0224719101123596,6
6,5,"MultinomialLasso",10,0.747191011235955,0.741573033707865,-0.0056179775280899,6
6,5,"Mahalanobis",10,0.52247191011236,0.539325842696629,0.0168539325842696,6
7,1,"RF",10,0.798913043478261,0.804347826086957,0.00543478260869568,6
7,1,"MultinomialLasso",10,0.777173913043478,0.777173913043478,0,6
7,1,"Mahalanobis",10,0.592391304347826,0.614130434782609,0.0217391304347826,6
7,2,"RF",10,0.792349726775956,0.781420765027322,-0.0109289617486339,6
7,2,"MultinomialLasso",10,0.825136612021858,0.808743169398907,-0.0163934426229508,6
7,2,"Mahalanobis",10,0.601092896174863,0.612021857923497,0.0109289617486339,6
7,3,"RF",10,0.75,0.738888888888889,-0.0111111111111111,6
7,3,"MultinomialLasso",10,0.794444444444444,0.788888888888889,-0.00555555555555554,6
7,3,"Mahalanobis",10,0.555555555555556,0.55,-0.00555555555555554,6
7,4,"RF",10,0.737430167597765,0.726256983240223,-0.0111731843575419,6
7,4,"MultinomialLasso",10,0.731843575418994,0.743016759776536,0.011173184357542,6
7,4,"Mahalanobis",10,0.525139664804469,0.525139664804469,0,6
7,5,"RF",10,0.792134831460674,0.814606741573034,0.0224719101123595,6
7,5,"MultinomialLasso",10,0.803370786516854,0.803370786516854,0,6
7,5,"Mahalanobis",10,0.550561797752809,0.539325842696629,-0.0112359550561798,6
8,1,"RF",10,0.809782608695652,0.798913043478261,-0.0108695652173914,6
8,1,"MultinomialLasso",10,0.782608695652174,0.771739130434783,-0.0108695652173914,6
8,1,"Mahalanobis",10,0.543478260869565,0.554347826086957,0.0108695652173914,6
8,2,"RF",10,0.792349726775956,0.797814207650273,0.00546448087431695,6
8,2,"MultinomialLasso",10,0.80327868852459,0.80327868852459,0,6
8,2,"Mahalanobis",10,0.617486338797814,0.612021857923497,-0.00546448087431695,6
8,3,"RF",10,0.772222222222222,0.738888888888889,-0.0333333333333333,6
8,3,"MultinomialLasso",10,0.766666666666667,0.766666666666667,0,6
8,3,"Mahalanobis",10,0.572222222222222,0.566666666666667,-0.00555555555555554,6
8,4,"RF",10,0.787709497206704,0.798882681564246,0.0111731843575419,6
8,4,"MultinomialLasso",10,0.754189944134078,0.759776536312849,0.00558659217877089,6
8,4,"Mahalanobis",10,0.558659217877095,0.536312849162011,-0.0223463687150838,6
8,5,"RF",10,0.769662921348315,0.758426966292135,-0.0112359550561798,6
8,5,"MultinomialLasso",10,0.780898876404494,0.775280898876405,-0.0056179775280899,6
8,5,"Mahalanobis",10,0.567415730337079,0.561797752808989,-0.0056179775280899,6
9,1,"RF",10,0.793478260869565,0.777173913043478,-0.0163043478260869,6
9,1,"MultinomialLasso",10,0.75,0.733695652173913,-0.0163043478260869,6
9,1,"Mahalanobis",10,0.592391304347826,0.576086956521739,-0.0163043478260869,6
9,2,"RF",10,0.792349726775956,0.786885245901639,-0.00546448087431695,6
9,2,"MultinomialLasso",10,0.80327868852459,0.797814207650273,-0.00546448087431695,6
9,2,"Mahalanobis",10,0.562841530054645,0.568306010928962,0.00546448087431695,6
9,3,"RF",10,0.8,0.805555555555556,0.00555555555555554,6
9,3,"MultinomialLasso",10,0.805555555555556,0.805555555555556,0,6
9,3,"Mahalanobis",10,0.577777777777778,0.594444444444444,0.0166666666666667,6
9,4,"RF",10,0.754189944134078,0.770949720670391,0.0167597765363128,6
9,4,"MultinomialLasso",10,0.759776536312849,0.754189944134078,-0.00558659217877089,6
9,4,"Mahalanobis",10,0.53072625698324,0.536312849162011,0.00558659217877089,6
9,5,"RF",10,0.769662921348315,0.792134831460674,0.0224719101123596,6
9,5,"MultinomialLasso",10,0.758426966292135,0.752808988764045,-0.0056179775280899,6
9,5,"Mahalanobis",10,0.544943820224719,0.51685393258427,-0.0280898876404494,6
10,1,"RF",10,0.777173913043478,0.766304347826087,-0.0108695652173914,6
10,1,"MultinomialLasso",10,0.755434782608696,0.760869565217391,0.00543478260869568,6
10,1,"Mahalanobis",10,0.570652173913043,0.565217391304348,-0.00543478260869568,6
10,2,"RF",10,0.754098360655738,0.765027322404372,0.0109289617486339,6
10,2,"MultinomialLasso",10,0.781420765027322,0.775956284153005,-0.00546448087431695,6
10,2,"Mahalanobis",10,0.612021857923497,0.60655737704918,-0.00546448087431695,6
10,3,"RF",10,0.811111111111111,0.788888888888889,-0.0222222222222223,6
10,3,"MultinomialLasso",10,0.833333333333333,0.822222222222222,-0.0111111111111112,6
10,3,"Mahalanobis",10,0.566666666666667,0.527777777777778,-0.0388888888888889,6
10,4,"RF",10,0.810055865921788,0.793296089385475,-0.0167597765363128,6
10,4,"MultinomialLasso",10,0.793296089385475,0.787709497206704,-0.005586592178771,6
10,4,"Mahalanobis",10,0.491620111731844,0.513966480446927,0.0223463687150838,6
10,5,"RF",10,0.775280898876405,0.764044943820225,-0.0112359550561798,6
10,5,"MultinomialLasso",10,0.752808988764045,0.752808988764045,0,6
10,5,"Mahalanobis",10,0.629213483146067,0.629213483146067,0,6
11,1,"RF",10,0.793478260869565,0.771739130434783,-0.0217391304347826,6
11,1,"MultinomialLasso",10,0.782608695652174,0.766304347826087,-0.016304347826087,6
11,1,"Mahalanobis",10,0.608695652173913,0.608695652173913,0,6
11,2,"RF",10,0.814207650273224,0.792349726775956,-0.0218579234972678,6
11,2,"MultinomialLasso",10,0.781420765027322,0.786885245901639,0.00546448087431695,6
11,2,"Mahalanobis",10,0.540983606557377,0.540983606557377,0,6
11,3,"RF",10,0.827777777777778,0.811111111111111,-0.0166666666666666,6
11,3,"MultinomialLasso",10,0.805555555555556,0.805555555555556,0,6
11,3,"Mahalanobis",10,0.65,0.65,0,6
11,4,"RF",10,0.782122905027933,0.776536312849162,-0.00558659217877089,6
11,4,"MultinomialLasso",10,0.798882681564246,0.804469273743017,0.005586592178771,6
11,4,"Mahalanobis",10,0.513966480446927,0.513966480446927,0,6
11,5,"RF",10,0.735955056179775,0.752808988764045,0.0168539325842696,6
11,5,"MultinomialLasso",10,0.730337078651685,0.747191011235955,0.0168539325842697,6
11,5,"Mahalanobis",10,0.573033707865168,0.578651685393258,0.0056179775280899,6
12,1,"RF",10,0.755434782608696,0.771739130434783,0.0163043478260869,6
12,1,"MultinomialLasso",10,0.755434782608696,0.744565217391304,-0.0108695652173914,6
12,1,"Mahalanobis",10,0.543478260869565,0.521739130434783,-0.0217391304347826,6
12,2,"RF",10,0.808743169398907,0.80327868852459,-0.00546448087431695,6
12,2,"MultinomialLasso",10,0.797814207650273,0.797814207650273,0,6
12,2,"Mahalanobis",10,0.59016393442623,0.612021857923497,0.0218579234972678,6
12,3,"RF",10,0.8,0.788888888888889,-0.0111111111111112,6
12,3,"MultinomialLasso",10,0.772222222222222,0.772222222222222,0,6
12,3,"Mahalanobis",10,0.561111111111111,0.55,-0.0111111111111111,6
12,4,"RF",10,0.759776536312849,0.76536312849162,0.005586592178771,6
12,4,"MultinomialLasso",10,0.759776536312849,0.759776536312849,0,6
12,4,"Mahalanobis",10,0.564245810055866,0.592178770949721,0.0279329608938548,6
12,5,"RF",10,0.780898876404494,0.769662921348315,-0.0112359550561798,6
12,5,"MultinomialLasso",10,0.775280898876405,0.769662921348315,-0.0056179775280899,6
12,5,"Mahalanobis",10,0.550561797752809,0.567415730337079,0.0168539325842697,6
13,1,"RF",10,0.826086956521739,0.798913043478261,-0.0271739130434783,6
13,1,"MultinomialLasso",10,0.826086956521739,0.815217391304348,-0.0108695652173914,6
13,1,"Mahalanobis",10,0.668478260869565,0.635869565217391,-0.0326086956521738,6
13,2,"RF",10,0.73224043715847,0.73224043715847,0,6
13,2,"MultinomialLasso",10,0.754098360655738,0.754098360655738,0,6
13,2,"Mahalanobis",10,0.530054644808743,0.546448087431694,0.0163934426229508,6
13,3,"RF",10,0.766666666666667,0.772222222222222,0.00555555555555554,6
13,3,"MultinomialLasso",10,0.766666666666667,0.744444444444444,-0.0222222222222223,6
13,3,"Mahalanobis",10,0.527777777777778,0.538888888888889,0.0111111111111111,6
13,4,"RF",10,0.804469273743017,0.793296089385475,-0.0111731843575419,7
13,4,"MultinomialLasso",10,0.804469273743017,0.804469273743017,0,7
13,4,"Mahalanobis",10,0.620111731843575,0.608938547486033,-0.0111731843575419,7
13,5,"RF",10,0.775280898876405,0.792134831460674,0.0168539325842697,6
13,5,"MultinomialLasso",10,0.769662921348315,0.780898876404494,0.0112359550561798,6
13,5,"Mahalanobis",10,0.578651685393258,0.578651685393258,0,6
14,1,"RF",10,0.809782608695652,0.804347826086957,-0.00543478260869568,6
14,1,"MultinomialLasso",10,0.78804347826087,0.793478260869565,0.00543478260869568,6
14,1,"Mahalanobis",10,0.548913043478261,0.53804347826087,-0.0108695652173914,6
14,2,"RF",10,0.80327868852459,0.808743169398907,0.00546448087431695,6
14,2,"MultinomialLasso",10,0.775956284153005,0.786885245901639,0.0109289617486339,6
14,2,"Mahalanobis",10,0.622950819672131,0.633879781420765,0.0109289617486339,6
14,3,"RF",10,0.838888888888889,0.85,0.0111111111111111,6
14,3,"MultinomialLasso",10,0.816666666666667,0.816666666666667,0,6
14,3,"Mahalanobis",10,0.522222222222222,0.505555555555556,-0.0166666666666667,6
14,4,"RF",10,0.720670391061452,0.720670391061452,0,6
14,4,"MultinomialLasso",10,0.748603351955307,0.759776536312849,0.0111731843575419,6
14,4,"Mahalanobis",10,0.558659217877095,0.581005586592179,0.0223463687150839,6
14,5,"RF",10,0.775280898876405,0.764044943820225,-0.0112359550561798,6
14,5,"MultinomialLasso",10,0.792134831460674,0.786516853932584,-0.0056179775280899,6
14,5,"Mahalanobis",10,0.589887640449438,0.584269662921348,-0.0056179775280899,6
15,1,"RF",10,0.777173913043478,0.771739130434783,-0.00543478260869568,6
15,1,"MultinomialLasso",10,0.766304347826087,0.777173913043478,0.0108695652173914,6
15,1,"Mahalanobis",10,0.543478260869565,0.581521739130435,0.0380434782608696,6
15,2,"RF",10,0.797814207650273,0.80327868852459,0.00546448087431695,6
15,2,"MultinomialLasso",10,0.819672131147541,0.825136612021858,0.00546448087431695,6
15,2,"Mahalanobis",10,0.540983606557377,0.546448087431694,0.00546448087431695,6
15,3,"RF",10,0.761111111111111,0.755555555555556,-0.00555555555555554,6
15,3,"MultinomialLasso",10,0.755555555555556,0.755555555555556,0,6
15,3,"Mahalanobis",10,0.555555555555556,0.544444444444444,-0.0111111111111112,6
15,4,"RF",10,0.804469273743017,0.798882681564246,-0.005586592178771,6
15,4,"MultinomialLasso",10,0.754189944134078,0.743016759776536,-0.0111731843575419,6
15,4,"Mahalanobis",10,0.592178770949721,0.58659217877095,-0.005586592178771,6
15,5,"RF",10,0.786516853932584,0.764044943820225,-0.0224719101123596,6
15,5,"MultinomialLasso",10,0.803370786516854,0.814606741573034,0.0112359550561798,6
15,5,"Mahalanobis",10,0.640449438202247,0.601123595505618,-0.0393258426966292,6
16,1,"RF",10,0.739130434782609,0.75,0.0108695652173914,6
16,1,"MultinomialLasso",10,0.733695652173913,0.739130434782609,0.00543478260869557,6
16,1,"Mahalanobis",10,0.516304347826087,0.516304347826087,0,6
16,2,"RF",10,0.797814207650273,0.781420765027322,-0.0163934426229508,6
16,2,"MultinomialLasso",10,0.770491803278688,0.775956284153005,0.00546448087431695,6
16,2,"Mahalanobis",10,0.595628415300546,0.59016393442623,-0.00546448087431695,6
16,3,"RF",10,0.772222222222222,0.777777777777778,0.00555555555555554,6
16,3,"MultinomialLasso",10,0.8,0.805555555555556,0.00555555555555554,6
16,3,"Mahalanobis",10,0.594444444444444,0.594444444444444,0,6
16,4,"RF",10,0.810055865921788,0.810055865921788,0,6
16,4,"MultinomialLasso",10,0.798882681564246,0.798882681564246,0,6
16,4,"Mahalanobis",10,0.569832402234637,0.558659217877095,-0.0111731843575419,6
16,5,"RF",10,0.758426966292135,0.730337078651685,-0.0280898876404494,6
16,5,"MultinomialLasso",10,0.769662921348315,0.752808988764045,-0.0168539325842697,6
16,5,"Mahalanobis",10,0.606741573033708,0.617977528089888,0.0112359550561797,6
17,1,"RF",10,0.782608695652174,0.771739130434783,-0.0108695652173914,6
17,1,"MultinomialLasso",10,0.793478260869565,0.793478260869565,0,6
17,1,"Mahalanobis",10,0.570652173913043,0.597826086956522,0.0271739130434783,6
17,2,"RF",10,0.80327868852459,0.825136612021858,0.0218579234972678,6
17,2,"MultinomialLasso",10,0.797814207650273,0.80327868852459,0.00546448087431695,6
17,2,"Mahalanobis",10,0.622950819672131,0.60655737704918,-0.0163934426229508,6
17,3,"RF",10,0.766666666666667,0.766666666666667,0,6
17,3,"MultinomialLasso",10,0.716666666666667,0.716666666666667,0,6
17,3,"Mahalanobis",10,0.588888888888889,0.588888888888889,0,6
17,4,"RF",10,0.815642458100559,0.82122905027933,0.00558659217877089,6
17,4,"MultinomialLasso",10,0.810055865921788,0.793296089385475,-0.0167597765363128,6
17,4,"Mahalanobis",10,0.575418994413408,0.564245810055866,-0.0111731843575419,6
17,5,"RF",10,0.786516853932584,0.797752808988764,0.0112359550561797,6
17,5,"MultinomialLasso",10,0.792134831460674,0.797752808988764,0.00561797752808979,6
17,5,"Mahalanobis",10,0.533707865168539,0.556179775280899,0.0224719101123596,6
18,1,"RF",10,0.771739130434783,0.766304347826087,-0.00543478260869568,6
18,1,"MultinomialLasso",10,0.755434782608696,0.75,-0.00543478260869568,6
18,1,"Mahalanobis",10,0.554347826086957,0.548913043478261,-0.00543478260869568,6
18,2,"RF",10,0.759562841530055,0.765027322404372,0.00546448087431695,6
18,2,"MultinomialLasso",10,0.726775956284153,0.726775956284153,0,6
18,2,"Mahalanobis",10,0.595628415300546,0.573770491803279,-0.0218579234972678,6
18,3,"RF",10,0.844444444444444,0.827777777777778,-0.0166666666666667,6
18,3,"MultinomialLasso",10,0.833333333333333,0.827777777777778,-0.00555555555555565,6
18,3,"Mahalanobis",10,0.516666666666667,0.538888888888889,0.0222222222222221,6
18,4,"RF",10,0.798882681564246,0.782122905027933,-0.0167597765363129,6
18,4,"MultinomialLasso",10,0.798882681564246,0.793296089385475,-0.00558659217877089,6
18,4,"Mahalanobis",10,0.642458100558659,0.642458100558659,0,6
18,5,"RF",10,0.769662921348315,0.775280898876405,0.0056179775280899,6
18,5,"MultinomialLasso",10,0.797752808988764,0.792134831460674,-0.00561797752808979,6
18,5,"Mahalanobis",10,0.51685393258427,0.50561797752809,-0.0112359550561798,6
19,1,"RF",10,0.804347826086957,0.798913043478261,-0.00543478260869568,6
19,1,"MultinomialLasso",10,0.78804347826087,0.798913043478261,0.0108695652173914,6
19,1,"Mahalanobis",10,0.576086956521739,0.576086956521739,0,6
19,2,"RF",10,0.759562841530055,0.754098360655738,-0.00546448087431695,6
19,2,"MultinomialLasso",10,0.737704918032787,0.748633879781421,0.0109289617486339,6
19,2,"Mahalanobis",10,0.562841530054645,0.595628415300546,0.0327868852459017,6
19,3,"RF",10,0.75,0.744444444444444,-0.00555555555555554,6
19,3,"MultinomialLasso",10,0.783333333333333,0.772222222222222,-0.0111111111111111,6
19,3,"Mahalanobis",10,0.555555555555556,0.561111111111111,0.00555555555555554,6
19,4,"RF",10,0.776536312849162,0.782122905027933,0.00558659217877089,6
19,4,"MultinomialLasso",10,0.782122905027933,0.776536312849162,-0.00558659217877089,6
19,4,"Mahalanobis",10,0.564245810055866,0.558659217877095,-0.005586592178771,6
19,5,"RF",10,0.837078651685393,0.808988764044944,-0.0280898876404495,6
19,5,"MultinomialLasso",10,0.808988764044944,0.797752808988764,-0.0112359550561798,6
19,5,"Mahalanobis",10,0.601123595505618,0.601123595505618,0,6
20,1,"RF",10,0.798913043478261,0.798913043478261,0,6
20,1,"MultinomialLasso",10,0.777173913043478,0.782608695652174,0.00543478260869568,6
20,1,"Mahalanobis",10,0.532608695652174,0.548913043478261,0.0163043478260869,6
20,2,"RF",10,0.775956284153005,0.754098360655738,-0.0218579234972678,6
20,2,"MultinomialLasso",10,0.765027322404372,0.770491803278688,0.00546448087431695,6
20,2,"Mahalanobis",10,0.573770491803279,0.573770491803279,0,6
20,3,"RF",10,0.8,0.772222222222222,-0.0277777777777778,6
20,3,"MultinomialLasso",10,0.822222222222222,0.794444444444444,-0.0277777777777778,6
20,3,"Mahalanobis",10,0.577777777777778,0.577777777777778,0,6
20,4,"RF",10,0.810055865921788,0.798882681564246,-0.0111731843575419,7
20,4,"MultinomialLasso",10,0.815642458100559,0.810055865921788,-0.005586592178771,7
20,4,"Mahalanobis",10,0.603351955307263,0.597765363128492,-0.005586592178771,7
20,5,"RF",10,0.724719101123595,0.741573033707865,0.0168539325842697,6
20,5,"MultinomialLasso",10,0.747191011235955,0.747191011235955,0,6
20,5,"Mahalanobis",10,0.623595505617977,0.601123595505618,-0.0224719101123595,6
